Date,Home Team,Home Score,Away Team,Away Score
2022-08-26,St. Pius X (Kansas City),0,Barstow,4
2022-08-26,Lebanon,0,Carl Junction,4
2022-08-26,Springfield Catholic,2,Central (Springfield),1
2022-08-26,Eureka,1,Christian Brothers College,0
2022-08-26,Savannah,1,Clinton,0
2022-08-26,De Smet Jesuit,2,Francis Howell,0
2022-08-26,Pattonville,0,Francis Howell North,4
2022-08-26,Ft. Zumwalt South,4,Helias Catholic,2
2022-08-26,Nixa,3,Hickman,2
2022-08-26,Lutheran North,0,John Burroughs,8
2022-08-26,Southern Boone,3,Kirksville,1
2022-08-26,Crocker,0,Logan-Rogersville,8
2022-08-26,Liberty (Wentzville),1,Mehlville,1
2022-08-26,Bolivar,2,New Covenant Academy,0
2022-08-26,Sacred Heart,0,Osage,5
2022-08-26,Lee's Summit West,0,Park Hill South,5
2022-08-26,Marquette,8,Parkway South,0
2022-08-26,Jackson,1,Rockwood Summit,4
2022-08-26,Gateway Science Charter,6,Soldan International Studies,0
2022-08-26,Veritas Christian Academy,2,St. Charles West,1
2022-08-26,Kirkwood,5,Webster Groves,0
2022-08-26,West Plains,2,Webb City,0
2022-08-26,Parkway Central,1,Timberland,2
2022-08-26,Winfield,1,Troy Buchanan,7
2022-08-26,Republic,0,Waynesville,1
2022-08-26,Greenwood,1,Willard,9
2022-08-27,Ozark,4,Belton,1
2022-08-27,Valley Park,1,Bishop DuBourg,5
2022-08-27,Jefferson City,3,Camdenton,0
2022-08-27,Willard,4,Carl Junction,1
2022-08-27,Logan-Rogersville,3,Carl Junction,1
2022-08-27,North Kansas City,0,Center,2
2022-08-27,Perryville,1,Central (Cape Girardeau),3
2022-08-27,SLUH,2,Chaminade College Prep,1
2022-08-27,Webster Groves,1,Christian Brothers College,2
2022-08-27,Principia,0,Clayton,2
2022-08-27,Sacred Heart,3,Clinton,1
2022-08-27,Lebanon,7,Crocker,1
2022-08-27,Greenwood,9,Crocker,1
2022-08-27,Parkway North,0,Francis Howell Central,3
2022-08-27,Parkway West,3,Ft. Zumwalt East,4
2022-08-27,Orchard Farm,0,Ft. Zumwalt North,5
2022-08-27,Lindbergh,0,Ft. Zumwalt West,3
2022-08-27,Liberty North,1,Grain Valley,3
2022-08-27,Kickapoo,2,Hickman,1
2022-08-27,Canton,1,Ladue Horton Watkins,8
2022-08-27,West Plains,1,Logan-Rogersville,0
2022-08-27,MICDS,1,Lutheran South,2
2022-08-27,St. Pius X (Festus),5,Maplewood-Richmond Hts.,1
2022-08-27,John Burroughs,6,Notre Dame (Cape Girardeau),2
2022-08-27,St. Michael the Archangel,2,Oak Grove,0
2022-08-27,Savannah,0,Osage,1
2022-08-27,Central (Cape Girardeau),1,Poplar Bluff,0
2022-08-27,Sikeston,5,Poplar Bluff,3
2022-08-27,Westminster Christian Academy,1,Priory,0
2022-08-27,Pleasant Hill,0,Raytown South,2
2022-08-27,Guadalupe Centers Charter,0,Rockhurst,8
2022-08-27,Hannibal,2,Rolla,3
2022-08-27,Perryville,1,Sikeston,0
2022-08-27,Lutheran St. Charles,2,St. Charles,1
2022-08-27,Vianney,1,St. Dominic,0
2022-08-27,Greenwood,0,Webb City,3
2022-08-27,Lebanon,3,Webb City,0
2022-08-27,Willard,0,West Plains,2
2022-08-29,Benton,0,Bishop LeBlond,2
2022-08-29,Lincoln College Prep,1,Blue Springs,2
2022-08-29,Marshfield,1,Camdenton,4
2022-08-29,Winfield,1,Canton,1
2022-08-29,Lafayette (St. Joseph),1,Central (St. Joseph),6
2022-08-29,Willard,0,Fatima,8
2022-08-29,Northeast (Kansas City),1,Knob Noster,2
2022-08-29,Ft. Zumwalt South,0,Lafayette (Wildwood),4
2022-08-29,St. Pius X (Kansas City),1,Oak Grove,4
2022-08-29,Raytown,0,Oak Park,6
2022-08-29,Ritenour,0,Pattonville,1
2022-08-29,Van Horn,0,Raymore-Peculiar,3
2022-08-29,Lee's Summit West,3,Rockhurst,1
2022-08-29,Pembroke Hill,5,Smithville,0
2022-08-29,Kearney,0,Staley,4
2022-08-29,Lutheran (Kansas City),4,Warrensburg,6
2022-08-30,Gateway Science Charter,0,Affton,2
2022-08-30,Cassville,4,Aurora,1
2022-08-30,Hillsboro,0,Bayless,1
2022-08-30,Maplewood-Richmond Hts.,0,Bishop DuBourg,5
2022-08-30,Platte County,1,Blue Springs South,3
2022-08-30,East (Kansas City),0,Blue Springs South,4
2022-08-30,Waynesville,5,Bolivar,2
2022-08-30,Rolla,2,Camdenton,0
2022-08-30,Jefferson City,1,Capital City,0
2022-08-30,Webb City,2,Carl Junction,0
2022-08-30,Parkview,0,Central (Springfield),8
2022-08-30,Bishop LeBlond,1,Central (St. Joseph),0
2022-08-30,Cameron,0,Chillicothe,8
2022-08-30,Ladue Horton Watkins,2,Christian Brothers College,0
2022-08-30,John Burroughs,1,Clayton,0
2022-08-30,Boonville,2,Clinton,1
2022-08-30,Brentwood,2,DeSoto,4
2022-08-30,Mexico,5,Elsberry,1
2022-08-30,Parkway South,0,Eureka,1
2022-08-30,Webster Groves,1,Fox,0
2022-08-30,Parkway Central,1,Francis Howell North,1
2022-08-30,Francis Howell Central,1,Ft. Zumwalt North,0
2022-08-30,Lutheran St. Charles,0,Ft. Zumwalt West,1
2022-08-30,Fatima,1,Fulton,5
2022-08-30,Lebanon,0,Glendale,8
2022-08-30,STEAM Academy,8,Hancock,0
2022-08-30,Grain Valley,5,Harrisonville,2
2022-08-30,Kickapoo,9,Hillcrest,1
2022-08-30,Rock Bridge,3,Kirkwood,1
2022-08-30,Cole Camp,0,Knob Noster,4
2022-08-30,Benton,3,Lafayette (St. Joseph),2
2022-08-30,Holt,1,Lafayette (Wildwood),0
2022-08-30,Guadalupe Centers Charter,1,Liberty,7
2022-08-30,St. Charles,4,Lindbergh,3
2022-08-30,Barstow,4,Lone Jack,1
2022-08-30,Principia,9,Lutheran North,1
2022-08-30,Westminster Christian Academy,3,Lutheran South,1
2022-08-30,New Covenant Academy,1,McDonald County,0
2022-08-30,Timberland,0,Mehlville,1
2022-08-30,Priory,1,MICDS,0
2022-08-30,Marshall,8,Moberly,0
2022-08-30,Branson,1,Neosho,3
2022-08-30,Joplin,0,Nixa,4
2022-08-30,Windsor (Imperial),1,North County,2
2022-08-30,Pleasant Hill,1,North Kansas City,5
2022-08-30,Francis Howell,1,Oakville,2
2022-08-30,Southern Boone,0,Osage,3
2022-08-30,East (Kansas City),2,Park Hill,1
2022-08-30,Orchard Farm,2,Parkway North,1
2022-08-30,Sacred Heart,9,Pembroke Hill,1
2022-08-30,Notre Dame (Cape Girardeau),3,Perryville,2
2022-08-30,Van Horn,0,Raymore-Peculiar,3
2022-08-30,Carthage,3,Republic,0
2022-08-30,Ruskin,5,Savannah,0
2022-08-30,Marquette,1,SLUH,2
2022-08-30,Helias Catholic,1,Savannah,0
2022-08-30,Summit Christian Academy,3,St. Paul Lutheran (Concordia),1
2022-08-30,Washington,7,Webb City,1
2022-08-30,St. Charles West,0,Troy Buchanan,4
2022-08-30,Pacific,9,University City,1
2022-08-30,St. Pius X (Festus),1,Valley Park,2
2022-08-30,St. Francis Borgia,3,Veritas Christian Academy,0
2022-08-30,Rockwood Summit,0,Vianney,1
2022-08-30,Missouri Military Academy,1,Warrenton,2
2022-08-30,Ft. Zumwalt East,0,Webster Groves,4
2022-08-30,Greenwood,2,West Plains,3
2022-08-30,Lindbergh,3,Whitfield,1
2022-08-30,Ozark,8,Willard,2
2022-08-30,Odessa,0,William Chrisman,1
2022-08-30,Grandview,7,Winnetonka,0
2022-08-30,Winfield,3,Wright City,2
2022-08-31,Seckman,0,Bayless,4
2022-08-31,East (Kansas City),3,Blue Springs,2
2022-08-31,Raymore-Peculiar,2,Blue Springs,1
2022-08-31,East (Kansas City),0,Blue Springs South,4
2022-08-31,Soldan International Studies,8,Cardinal Ritter,0
2022-08-31,Raytown South,0,Center,1
2022-08-31,Maplewood-Richmond Hts.,4,Crossroads College Preparatory,0
2022-08-31,Pacific,6,Festus,1
2022-08-31,Liberty North,1,Grain Valley,3
2022-08-31,Excelsior Springs,2,Grandview,1
2022-08-31,Hazelwood Central,0,Hazelwood West,5
2022-08-31,Duchesne,0,Holt,6
2022-08-31,Guadalupe Centers Charter,0,Lee's Summit North,5
2022-08-31,Van Horn,2,Lincoln College Prep,1
2022-08-31,Warrensburg,3,Maryville,1
2022-08-31,Webster Groves,3,North County,0
2022-08-31,Lutheran (Kansas City),1,Northeast (Kansas City),0
2022-08-31,Ritenour,0,Northwest (Cedar Hill),4
2022-08-31,Platte County,2,Park Hill,1
2022-08-31,Fort Osage,4,Ruskin,0
2022-08-31,St. Michael the Archangel,3,St. Charles,1
2022-08-31,Fox,4,Windsor (Imperial),1
2022-09-01,New Covenant Academy,4,Aurora,0
2022-09-01,Sacred Heart,1,Barstow,2
2022-09-01,Webster Groves,0,Bayless,2
2022-09-01,William Chrisman,1,Belton,2
2022-09-01,Central (St. Joseph),7,Benton,2
2022-09-01,St. Pius X (Festus),2,Bishop DuBourg,1
2022-09-01,East (Kansas City),2,Blue Springs,1
2022-09-01,Raymore-Peculiar,3,Blue Springs South,0
2022-09-01,Greenwood,0,Bolivar,2
2022-09-01,Southern Boone,5,Boonville,0
2022-09-01,Cole Camp,6,Calvary Lutheran,2
2022-09-01,West Plains,1,Camdenton,5
2022-09-01,Veritas Christian Academy,8,Cardinal Ritter,0
2022-09-01,McDonald County,0,Cassville,2
2022-09-01,Whitfield,1,Chaminade College Prep,4
2022-09-01,Marshall,7,Chillicothe,0
2022-09-01,Lafayette (Wildwood),0,De Smet Jesuit,1
2022-09-01,Ladue Horton Watkins,2,Eureka,1
2022-09-01,Fort Osage,2,Excelsior Springs,5
2022-09-01,DeSoto,1,Farmington,2
2022-09-01,University City,3,Festus,6
2022-09-01,Hillsboro,4,Fox,2
2022-09-01,Mehlville,3,Francis Howell North,4
2022-09-01,Ft. Zumwalt South,1,Ft. Zumwalt East,0
2022-09-01,Lutheran St. Charles,1,Ft. Zumwalt North,2
2022-09-01,Francis Howell Central,1,Ft. Zumwalt West,0
2022-09-01,Liberty North,4,Harrisonville,0
2022-09-01,Laquey,12,Iberia,0
2022-09-01,Central (Cape Girardeau),2,Jackson,0
2022-09-01,Hannibal,2,Kirksville,1
2022-09-01,Odessa,8,Knob Noster,0
2022-09-01,Bishop LeBlond,9,Lafayette (St. Joseph),1
2022-09-01,Staley,1,Lee's Summit,2
2022-09-01,Liberty,3,Lee's Summit North,2
2022-09-01,Parkway Central,0,Liberty (Wentzville),2
2022-09-01,Park Hill,3,Lincoln College Prep,0
2022-09-01,Christian Brothers College,1,Lindbergh,0
2022-09-01,Hillcrest,0,Logan-Rogersville,4
2022-09-01,Clayton,2,Lutheran South,0
2022-09-01,Valley Park,4,Maplewood-Richmond Hts.,2
2022-09-01,Parkway West,2,Marquette,3
2022-09-01,Fulton,5,Mexico,2
2022-09-01,Missouri Military Academy,3,Moberly,0
2022-09-01,Kickapoo,4,Nixa,1
2022-09-01,Seckman,6,North County,0
2022-09-01,Oak Grove,6,North Kansas City,0
2022-09-01,Helias Catholic,3,Ozark,4
2022-09-01,Carl Junction,4,Parkview,1
2022-09-01,Kirkwood,1,Parkway South,0
2022-09-01,Van Horn,0,Platte County,1
2022-09-01,St. Pius X (Kansas City),7,Pleasant Hill,0
2022-09-01,Savannah,0,Republic,2
2022-09-01,Oakville,2,Rockwood Summit,1
2022-09-01,Fatima,2,Rolla,3
2022-09-01,Grandview,2,Ruskin,1
2022-09-01,Winnetonka,3,Savannah,2
2022-09-01,Oak Park,2,Smithville,1
2022-09-01,STEAM Academy,1,Soldan International Studies,3
2022-09-01,Osage,1,Springfield Catholic,2
2022-09-01,Orchard Farm,0,St. Charles,1
2022-09-01,Duchesne,1,St. Francis Borgia,6
2022-09-01,Pattonville,0,Timberland,3
2022-09-01,North Point,2,Washington,1
2022-09-01,Union,0,Waynesville,2
2022-09-01,Monett,0,Webb City,3
2022-09-01,Fair Grove,0,Willard,8
2022-09-01,St. Charles West,2,Winfield,1
2022-09-02,Hickman,4,Capital City,1
2022-09-02,St. Michael the Archangel,3,Center,0
2022-09-02,Lebanon,2,Dixon,1
2022-09-02,Webster Groves,2,Jackson,0
2022-09-02,Central (Springfield),0,Jefferson City,1
2022-09-02,Westminster Christian Academy,0,John Burroughs,3
2022-09-02,Parkview,0,Laquey,8
2022-09-02,MICDS,8,Lutheran North,0
2022-09-02,Troy Buchanan,1,North Point,1
2022-09-02,Notre Dame (Cape Girardeau),5,Poplar Bluff,0
2022-09-02,Priory,2,Principia,1
2022-09-02,St. Charles,1,Raytown South,2
2022-09-02,Holt,1,Rockwood Summit,5
2022-09-02,Glendale,1,SLUH,2
2022-09-02,Pembroke Hill,0,Springfield Catholic,0
2022-09-02,Northwest (Cedar Hill),6,Union,0
2022-09-03,McDonald County,5,Aurora,1
2022-09-03,Monett,5,Aurora,1
2022-09-03,New Covenant Academy,2,Cassville,2
2022-09-03,Webster Groves,1,Central (Cape Girardeau),1
2022-09-03,Christian Brothers College,2,Chaminade College Prep,1
2022-09-03,Vianney,0,Glendale,1
2022-09-03,Central (Springfield),0,Hickman,3
2022-09-03,Poplar Bluff,0,Jackson,3
2022-09-03,Pembroke Hill,0,Kickapoo,5
2022-09-03,Lutheran (Kansas City),2,Lone Jack,3
2022-09-03,Kirksville,1,Marshall,5
2022-09-03,Sacred Heart,1,Maryville,4
2022-09-03,Barstow,2,Warrensburg,0
2022-09-03,Notre Dame (Cape Girardeau),1,Webster Groves,6
2022-09-06,Logan-Rogersville,8,Aurora,0
2022-09-06,Maplewood-Richmond Hts.,0,Bayless,5
2022-09-06,Raymore-Peculiar,1,Belton,0
2022-09-06,Park Hill South,2,Blue Springs,1
2022-09-06,Fulton,8,Boonville,0
2022-09-06,Nixa,6,Branson,0
2022-09-06,Moberly,3,Canton,4
2022-09-06,Willard,0,Carthage,3
2022-09-06,Hillcrest,1,Cassville,2
2022-09-06,Farmington,0,Central (Cape Girardeau),1
2022-09-06,William Chrisman,1,Central (St. Joseph),0
2022-09-06,Parkway North,0,Clayton,8
2022-09-06,Eureka,1,DeSoto,0
2022-09-06,Cole Camp,0,Dixon,5
2022-09-06,Orchard Farm,2,Duchesne,1
2022-09-06,Winnetonka,0,East (Kansas City),8
2022-09-06,Sacred Heart,2,Father Tolton,4
2022-09-06,Crocker,0,Fatima,8
2022-09-06,Valley Park,6,Festus,2
2022-09-06,Union,4,Fox,2
2022-09-06,Ft. Zumwalt South,1,Ft. Zumwalt North,2
2022-09-06,Liberty (Wentzville),2,Ft. Zumwalt West,1
2022-09-06,Van Horn,1,Grain Valley,0
2022-09-06,St. Pius X (Kansas City),1,Harrisonville,3
2022-09-06,Northwest (Cedar Hill),6,Hillsboro,1
2022-09-06,La Monte,7,Iberia,0
2022-09-06,Hickman,2,Jefferson City,0
2022-09-06,Republic,0,Joplin,5
2022-09-06,Glendale,1,Kickapoo,4
2022-09-06,Francis Howell,0,Kirkwood,1
2022-09-06,Smithton,3,Knob Noster,1
2022-09-06,Rockwood Summit,0,Ladue Horton Watkins,3
2022-09-06,Chillicothe,5,Lafayette (St. Joseph),0
2022-09-06,Greenwood,0,Laquey,3
2022-09-06,Central (Springfield),6,Lebanon,1
2022-09-06,Rockhurst,2,Lee's Summit,0
2022-09-06,St. Michael the Archangel,0,Lee's Summit West,2
2022-09-06,Pembroke Hill,2,Lincoln College Prep,3
2022-09-06,Holt,1,Lindbergh,2
2022-09-06,Rock Bridge,5,Lutheran St. Charles,0
2022-09-06,Mexico,1,Marshall,9
2022-09-06,Kearney,5,Maryville,1
2022-09-06,STEAM Academy,8,McCluer North,0
2022-09-06,Ritenour,0,MICDS,2
2022-09-06,Kirksville,2,Missouri Military Academy,3
2022-09-06,Perryville,8,North County,0
2022-09-06,Pleasant Hill,0,North Kansas City,5
2022-09-06,Troy Buchanan,3,North Point,0
2022-09-06,Ft. Zumwalt East,2,North Point,1
2022-09-06,Bishop LeBlond,0,Northeast (Kansas City),4
2022-09-06,Lone Jack,1,Oak Grove,2
2022-09-06,Vianney,2,Oakville,0
2022-09-06,Carl Junction,0,Ozark,8
2022-09-06,Camdenton,6,Parkview,3
2022-09-06,Webster Groves,4,Parkway South,2
2022-09-06,Windsor (Imperial),0,Parkway West,4
2022-09-06,St. Dominic,5,Priory,2
2022-09-06,Willard,0,Rock Bridge,4
2022-09-06,Bolivar,0,Rolla,1
2022-09-06,Smithville,8,Savannah,0
2022-09-06,Marshfield,0,Springfield Catholic,4
2022-09-06,Southern Boone,1,St. Francis Borgia,2
2022-09-06,Metro,0,Webster Groves,3
2022-09-06,Platte County,1,Staley,2
2022-09-06,Cristo Rey,2,Summit Christian Academy,3
2022-09-06,Francis Howell North,3,Timberland,1
2022-09-06,Francis Howell Central,1,Troy Buchanan,0
2022-09-06,Raytown,1,St. Charles,2
2022-09-06,Savannah,2,Warrensburg,1
2022-09-06,Neosho,2,Webb City,1
2022-09-06,Waynesville,4,West Plains,0
2022-09-06,Affton,0,Whitfield,7
2022-09-07,Brentwood,0,Affton,7
2022-09-07,Lone Jack,8,Cameron,0
2022-09-07,Parkway Central,1,Chaminade College Prep,0
2022-09-07,Green Ridge,3,Clinton,5
2022-09-07,Rockwood Summit,1,De Smet Jesuit,2
2022-09-07,Fox,2,DeSoto,0
2022-09-07,Warrenton,5,Elsberry,0
2022-09-07,St. Pius X (Festus),8,Festus,0
2022-09-07,Maplewood-Richmond Hts.,4,Hazelwood Central,3
2022-09-07,Lutheran South,0,John Burroughs,2
2022-09-07,Pembroke Hill,3,Lee's Summit West,1
2022-09-07,St. Michael the Archangel,0,Lincoln College Prep,2
2022-09-07,Laquey,0,Logan-Rogersville,1
2022-09-07,Washington,1,Pacific,2
2022-09-07,Willard,4,Parkview,2
2022-09-07,St. Paul Lutheran (Concordia),8,Paseo Academy,0
2022-09-07,Springfield Catholic,4,Republic,0
2022-09-07,Lutheran North,0,Ritenour,8
2022-09-07,Lafayette (Wildwood),4,Timberland,1
2022-09-07,Grain Valley,1,St. Charles,0
2022-09-07,Hazelwood West,1,University City,2
2022-09-07,Winfield,2,Veritas Christian Academy,3
2022-09-07,Wright City,3,Warrenton,1
2022-09-07,Lutheran St. Charles,0,Westminster Christian Academy,8
2022-09-07,Fort Osage,1,William Chrisman,0
2022-09-08,Northeast (Kansas City),8,Benton,1
2022-09-08,Chillicothe,0,Bishop LeBlond,4
2022-09-08,Rockhurst,1,Blue Springs South,0
2022-09-08,Osage,2,Bolivar,0
2022-09-08,Capital City,3,Camdenton,5
2022-09-08,McDonald County,3,Carl Junction,2
2022-09-08,Fair Grove,1,Cassville,6
2022-09-08,Ruskin,1,Center,4
2022-09-08,Waynesville,2,Central (Springfield),0
2022-09-08,Fatima,5,Dixon,0
2022-09-08,Hillsboro,3,Duchesne,1
2022-09-08,Union,1,Eureka,3
2022-09-08,Kearney,1,Excelsior Springs,2
2022-09-08,Fredericktown,0,Farmington,4
2022-09-08,Helias Catholic,1,Father Tolton,3
2022-09-08,Francis Howell Central,1,Francis Howell,2
2022-09-08,Troy Buchanan,0,Francis Howell North,2
2022-09-08,Ft. Zumwalt North,2,Ft. Zumwalt South,1
2022-09-08,Oakville,1,Ft. Zumwalt West,1
2022-09-08,Valley Park,6,Gateway,0
2022-09-08,Rolla,0,Glendale,1
2022-09-08,Willard,3,Greenwood,1
2022-09-08,Bayless,9,Hancock,1
2022-09-08,Grandview,0,Harrisonville,1
2022-09-08,Hazelwood West,4,Hazelwood Central,0
2022-09-08,St. Dominic,1,Holt,1
2022-09-08,Lebanon,0,Kickapoo,10
2022-09-08,Iberia,0,Knob Noster,8
2022-09-08,Smithton,6,La Monte,0
2022-09-08,Mehlville,2,Ladue Horton Watkins,3
2022-09-08,MICDS,0,Lafayette (Wildwood),5
2022-09-08,Priory,0,Lindbergh,2
2022-09-08,Savannah,0,Marshall,3
2022-09-08,New Covenant Academy,2,Marshfield,0
2022-09-08,Affton,5,Metro,4
2022-09-08,Fulton,5,Missouri Military Academy,2
2022-09-08,Kirksville,6,Moberly,1
2022-09-08,Smithville,1,North Kansas City,0
2022-09-08,Branson,0,Northwest (Cedar Hill),4
2022-09-08,Cameron,0,Oak Grove,8
2022-09-08,Park Hill,4,Oak Park,0
2022-09-08,St. Charles West,0,Orchard Farm,5
2022-09-08,Kirkwood,1,Parkway Central,1
2022-09-08,Parkway South,4,Parkway North,3
2022-09-08,Pacific,0,Parkway West,2
2022-09-08,St. Francis Borgia,1,Perryville,2
2022-09-08,Raytown,0,Platte County,5
2022-09-08,Seckman,2,Poplar Bluff,1
2022-09-08,Pleasant Hill,2,Savannah,0
2022-09-08,Webster Groves,2,SLUH,0
2022-09-08,Winfield,1,St. Charles,3
2022-09-08,Central (St. Joseph),0,Staley,1
2022-09-08,North County,0,Webb City,2
2022-09-08,Raytown South,0,Summit Christian Academy,2
2022-09-08,Liberty (Wentzville),1,Vianney,1
2022-09-08,Sacred Heart,0,Warrensburg,1
2022-09-08,North Point,7,Warrenton,1
2022-09-08,Windsor (Imperial),4,Washington,3
2022-09-08,Liberty North,2,Webb City,0
2022-09-08,Bishop DuBourg,1,Westminster Christian Academy,5
2022-09-08,Van Horn,0,William Chrisman,1
2022-09-08,Odessa,8,Winnetonka,0
2022-09-09,Willard,6,Aurora,3
2022-09-09,Lutheran (Kansas City),1,Barstow,3
2022-09-09,Brentwood,1,Bayless,4
2022-09-09,Helias Catholic,1,Bishop DuBourg,3
2022-09-09,Lee's Summit,2,Blue Springs South,2
2022-09-09,Ft. Zumwalt South,2,Capital City,3
2022-09-09,Branson,1,Carthage,3
2022-09-09,Marshfield,0,Cassville,2
2022-09-09,Liberty North,3,Central (Springfield),0
2022-09-09,Paseo Academy,0,Clinton,7
2022-09-09,Willard,3,Dixon,2
2022-09-09,Warrenton,1,Elsberry,5
2022-09-09,Parkway West,0,Eureka,2
2022-09-09,New Covenant Academy,7,Fair Grove,0
2022-09-09,Windsor (Imperial),0,Fox,3
2022-09-09,Northwest (Cedar Hill),2,Glendale,1
2022-09-09,St. Paul Lutheran (Concordia),3,Green Ridge,1
2022-09-09,Valley Park,8,Hancock,0
2022-09-09,Maplewood-Richmond Hts.,0,Hickman,8
2022-09-09,Smithton,7,Iberia,0
2022-09-09,St. Pius X (Festus),0,John Burroughs,6
2022-09-09,Liberty North,3,Joplin,4
2022-09-09,La Monte,1,Knob Noster,9
2022-09-09,Lincoln College Prep,0,Lee's Summit West,2
2022-09-09,Ozark,3,Monett,2
2022-09-09,De Smet Jesuit,4,Notre Dame (Cape Girardeau),2
2022-09-09,Springfield Catholic,3,Ozark,2
2022-09-09,West Plains,2,Parkview,3
2022-09-09,Sikeston,0,Parkway Central,3
2022-09-09,Webb City,4,Pattonville,3
2022-09-09,St. Michael the Archangel,3,Pembroke Hill,1
2022-09-09,Ft. Zumwalt North,5,Ritenour,0
2022-09-09,Veritas Christian Academy,1,St. Charles,4
2022-09-09,Orchard Farm,1,Webster Groves,0
2022-09-09,Francis Howell,3,Timberland,1
2022-09-09,Springfield Catholic,2,St. Charles,0
2022-09-09,Pacific,2,Union,3
2022-09-09,McCluer North,0,University City,8
2022-09-10,Parkview,4,Aurora,0
2022-09-10,West Plains,0,Carthage,8
2022-09-10,Northwest (Cedar Hill),1,Carthage,0
2022-09-10,New Covenant Academy,1,Cassville,0
2022-09-10,St. Paul Lutheran (Concordia),4,Clinton,2
2022-09-10,Wright City,2,Elsberry,1
2022-09-10,Warrenton,5,Elsberry,0
2022-09-10,Smithville,1,Excelsior Springs,0
2022-09-10,Francis Howell Central,4,Ft. Zumwalt East,2
2022-09-10,Vianney,2,Ft. Zumwalt West,1
2022-09-10,Branson,0,Glendale,4
2022-09-10,East (Kansas City),0,Glendale,1
2022-09-10,Parkway Central,1,Hannibal,0
2022-09-10,St. Michael the Archangel,5,Helias Catholic,4
2022-09-10,Parkway Central,1,Hickman,4
2022-09-10,Priory,3,Holt,1
2022-09-10,Sacred Heart,0,Jefferson City,4
2022-09-10,Webb City,3,Joplin,1
2022-09-10,Central (Springfield),3,Joplin,5
2022-09-10,Clayton,2,Ladue Horton Watkins,3
2022-09-10,St. Dominic,3,Lindbergh,0
2022-09-10,Rock Bridge,1,Marquette,0
2022-09-10,Fair Grove,0,Marshfield,2
2022-09-10,Pleasant Hill,1,Maryville,8
2022-09-10,Pembroke Hill,1,MICDS,5
2022-09-10,West Plains,1,Monett,0
2022-09-10,St. Charles,1,Monett,4
2022-09-10,Kearney,5,North Kansas City,0
2022-09-10,Liberty (Wentzville),2,Oakville,1
2022-09-10,Summit Christian Academy,1,Osage,5
2022-09-10,Warrensburg,0,Osage,4
2022-09-10,St. Charles,0,Ozark,6
2022-09-10,Green Ridge,8,Paseo Academy,0
2022-09-10,Fulton,1,Savannah,0
2022-09-10,Maplewood-Richmond Hts.,1,Southern Boone,4
2022-09-10,Sikeston,0,Southern Boone,2
2022-09-10,East (Kansas City),3,Springfield Catholic,0
2022-09-10,Helias Catholic,3,St. Francis Borgia,1
2022-09-10,Summit Christian Academy,3,Warrensburg,1
2022-09-10,Wright City,3,Warrenton,1
2022-09-12,Odessa,1,Belton,2
2022-09-12,Grain Valley,1,Blue Springs,4
2022-09-12,Staley,2,Blue Springs South,1
2022-09-12,Green Ridge,7,Calvary Lutheran,0
2022-09-12,Raytown South,1,Center,2
2022-09-12,Lebanon,2,Dixon,1
2022-09-12,Winnetonka,0,Excelsior Springs,8
2022-09-12,Cole Camp,1,Fatima,9
2022-09-12,St. Paul Lutheran (Farmington),0,Fredericktown,7
2022-09-12,Soldan International Studies,3,Gateway,2
2022-09-12,Cristo Rey,1,Grandview,3
2022-09-12,Hazelwood East,1,Hazelwood Central,6
2022-09-12,Capital City,2,Helias Catholic,0
2022-09-12,Parkview,2,Hillcrest,3
2022-09-12,Perryville,2,Jackson,3
2022-09-12,Cardinal Ritter,8,Jennings,0
2022-09-12,Liberty,2,Lee's Summit,3
2022-09-12,Lutheran North,3,McCluer North,1
2022-09-12,Moberly,0,Mexico,1
2022-09-12,Orchard Farm,2,North Point,1
2022-09-12,Affton,1,Northwest (Cedar Hill),4
2022-09-12,North Kansas City,0,Park Hill,8
2022-09-12,Ft. Zumwalt North,3,Parkway North,0
2022-09-12,Lafayette (Wildwood),2,Pattonville,0
2022-09-12,Liberty North,2,Platte County,1
2022-09-12,Seckman,4,Ritenour,3
2022-09-12,Pacific,0,Rolla,5
2022-09-12,Fort Osage,6,Ruskin,1
2022-09-12,Camdenton,0,Savannah,1
2022-09-12,Father Tolton,1,Webster Groves,0
2022-09-12,Clinton,0,St. Michael the Archangel,8
2022-09-12,Knob Noster,0,Willard,1
2022-09-12,STEAM Academy,1,University City,5
2022-09-12,Smithville,0,William Chrisman,1
2022-09-12,Elsberry,0,Wright City,5
2022-09-13,Lutheran St. Charles,2,Bishop DuBourg,0
2022-09-13,Crossroads College Preparatory,0,Brentwood,8
2022-09-13,Missouri Military Academy,2,Canton,1
2022-09-13,Fair Grove,0,Cassville,5
2022-09-13,Guadalupe Centers Charter,1,Center,4
2022-09-13,Maryville,5,Chillicothe,0
2022-09-13,Vianney,1,Christian Brothers College,0
2022-09-13,La Monte,1,Cole Camp,2
2022-09-13,SLUH,1,De Smet Jesuit,2
2022-09-13,Webb City,0,Fatima,5
2022-09-13,Perryville,8,Festus,0
2022-09-13,Seckman,3,Fox,2
2022-09-13,Rock Bridge,6,Francis Howell,2
2022-09-13,Francis Howell North,1,Francis Howell Central,2
2022-09-13,Washington,0,Ft. Zumwalt East,8
2022-09-13,Holt,1,Ft. Zumwalt North,3
2022-09-13,Liberty (Wentzville),2,Ft. Zumwalt South,0
2022-09-13,Marshall,3,Fulton,2
2022-09-13,Maplewood-Richmond Hts.,7,Hancock,0
2022-09-13,Moberly,0,Hannibal,8
2022-09-13,DeSoto,0,Hillsboro,2
2022-09-13,Crocker,9,Iberia,1
2022-09-13,Ladue Horton Watkins,2,John Burroughs,1
2022-09-13,East (Kansas City),2,Kearney,1
2022-09-13,Mexico,0,Kirksville,2
2022-09-13,Hillcrest,2,Lebanon,1
2022-09-13,Rockhurst,8,Lee's Summit North,2
2022-09-13,Liberty,1,Lee's Summit West,2
2022-09-13,Mehlville,1,Lindbergh,4
2022-09-13,Green Ridge,2,Lone Jack,6
2022-09-13,St. Paul Lutheran (Concordia),1,Lutheran (Kansas City),4
2022-09-13,Aurora,1,Marshfield,5
2022-09-13,McDonald County,0,Monett,1
2022-09-13,Carthage,2,Neosho,3
2022-09-13,Laquey,2,New Covenant Academy,0
2022-09-13,Carl Junction,0,Nixa,8
2022-09-13,Farmington,6,North County,0
2022-09-13,Orchard Farm,2,North Point,1
2022-09-13,Lafayette (St. Joseph),1,Northeast (Kansas City),5
2022-09-13,Van Horn,4,Oak Grove,1
2022-09-13,Parkway Central,4,Oakville,2
2022-09-13,Smithville,1,Odessa,0
2022-09-13,Capital City,3,Osage,2
2022-09-13,Glendale,8,Parkview,0
2022-09-13,Parkway West,7,Parkway North,2
2022-09-13,Lafayette (Wildwood),1,Parkway South,0
2022-09-13,Lincoln College Prep,4,Pembroke Hill,2
2022-09-13,Metro,1,Principia,2
2022-09-13,Westminster Christian Academy,2,Priory,1
2022-09-13,Park Hill South,1,Raymore-Peculiar,2
2022-09-13,Branson,4,Republic,3
2022-09-13,St. Dominic,1,Rockwood Summit,2
2022-09-13,Central (Springfield),1,Rolla,4
2022-09-13,Smithton,2,Sacred Heart,3
2022-09-13,Benton,2,Savannah,3
2022-09-13,Central (Cape Girardeau),2,Sikeston,0
2022-09-13,Logan-Rogersville,0,Springfield Catholic,2
2022-09-13,St. Charles,0,St. Charles West,1
2022-09-13,St. Charles,0,Staley,4
2022-09-13,Hazelwood West,5,STEAM Academy,1
2022-09-13,Ft. Zumwalt West,0,Troy Buchanan,2
2022-09-13,St. Francis Borgia,0,Union,1
2022-09-13,Bayless,3,Valley Park,2
2022-09-13,Raytown South,6,Van Horn,0
2022-09-13,Duchesne,1,Veritas Christian Academy,0
2022-09-13,Harrisonville,4,Warrensburg,1
2022-09-13,Camdenton,3,Waynesville,4
2022-09-13,Ozark,4,Webb City,2
2022-09-13,Bolivar,1,West Plains,0
2022-09-13,Lutheran South,0,Whitfield,2
2022-09-13,Joplin,7,Willard,3
2022-09-13,St. Pius X (Festus),2,Windsor (Imperial),0
2022-09-13,Warrenton,4,Winfield,3
2022-09-14,Center,2,Belton,3
2022-09-14,Savannah,4,Cameron,1
2022-09-14,Parkview,2,Fair Grove,1
2022-09-14,St. Charles,1,Fort Osage,3
2022-09-14,North County,1,Fredericktown,6
2022-09-14,Nixa,0,Glendale,2
2022-09-14,North Kansas City,0,Grain Valley,4
2022-09-14,Cardinal Ritter,1,Hazelwood Central,9
2022-09-14,Jennings,0,Hazelwood East,8
2022-09-14,Westminster Christian Academy,2,Hazelwood West,0
2022-09-14,Clayton,1,Kirkwood,2
2022-09-14,Dixon,0,Laquey,4
2022-09-14,STEAM Academy,5,McCluer North,3
2022-09-14,Elsberry,1,Missouri Military Academy,3
2022-09-14,Jackson,0,Northwest (Cedar Hill),6
2022-09-14,Raytown South,2,Oak Grove,1
2022-09-14,Central (St. Joseph),0,Oak Park,4
2022-09-14,Winnetonka,0,Raytown,9
2022-09-14,Grandview,1,Ruskin,3
2022-09-14,Hickman,4,Savannah,0
2022-09-14,Wright City,2,St. Charles West,3
2022-09-14,Lutheran North,2,University City,8
2022-09-14,William Chrisman,0,Van Horn,3
2022-09-14,Guadalupe Centers Charter,7,Van Horn,1
2022-09-15,Van Horn,4,Belton,1
2022-09-15,Bishop LeBlond,8,Benton,0
2022-09-15,Willard,2,Bolivar,0
2022-09-15,West Plains,1,Branson,4
2022-09-15,Osage,5,Camdenton,1
2022-09-15,Bishop DuBourg,8,Cardinal Ritter,0
2022-09-15,Central (Springfield),2,Carthage,3
2022-09-15,Raytown,0,Central (St. Joseph),2
2022-09-15,St. Pius X (Kansas City),3,Chillicothe,2
2022-09-15,De Smet Jesuit,1,Christian Brothers College,3
2022-09-15,Lone Jack,3,Clinton,4
2022-09-15,Valley Park,1,DeSoto,4
2022-09-15,Calvary Lutheran,0,Dixon,8
2022-09-15,Cameron,0,Excelsior Springs,8
2022-09-15,Smithton,2,Fatima,5
2022-09-15,St. Dominic,2,Francis Howell,3
2022-09-15,Ft. Zumwalt East,2,Ft. Zumwalt North,1
2022-09-15,Washington,1,Ft. Zumwalt South,9
2022-09-15,Francis Howell Central,1,Ft. Zumwalt West,0
2022-09-15,Canton,0,Hannibal,5
2022-09-15,Knob Noster,0,Harrisonville,8
2022-09-15,STEAM Academy,1,Hazelwood Central,3
2022-09-15,Carl Junction,1,Hillcrest,2
2022-09-15,Liberty (Wentzville),3,Holt,1
2022-09-15,Monett,1,Joplin,8
2022-09-15,Raymore-Peculiar,5,Kearney,1
2022-09-15,Ozark,1,Kickapoo,2
2022-09-15,Blue Springs,1,Lee's Summit West,3
2022-09-15,Park Hill,4,Liberty,3
2022-09-15,Blue Springs South,0,Liberty North,1
2022-09-15,St. Charles,0,Lincoln College Prep,5
2022-09-15,Lafayette (Wildwood),1,Lindbergh,3
2022-09-15,Summit Christian Academy,5,Lutheran (Kansas City),4
2022-09-15,Ladue Horton Watkins,0,Marquette,1
2022-09-15,Boonville,0,Marshall,6
2022-09-15,Cassville,0,Marshfield,1
2022-09-15,Northwest (Cedar Hill),3,Mehlville,2
2022-09-15,Aurora,3,Neosho,9
2022-09-15,Springfield Catholic,4,New Covenant Academy,0
2022-09-15,St. Paul Lutheran (Farmington),0,North County,3
2022-09-15,Farmington,2,Notre Dame (Cape Girardeau),4
2022-09-15,William Chrisman,3,Odessa,2
2022-09-15,Staley,0,Park Hill South,3
2022-09-15,Parkway West,0,Parkway Central,4
2022-09-15,Oakville,2,Parkway South,1
2022-09-15,East (Kansas City),8,Paseo Academy,0
2022-09-15,Fox,1,Pattonville,2
2022-09-15,Hillsboro,1,Perryville,6
2022-09-15,Northeast (Kansas City),1,Pleasant Hill,0
2022-09-15,Central (Cape Girardeau),5,Poplar Bluff,0
2022-09-15,Bayless,1,Principia,0
2022-09-15,Parkview,1,Republic,5
2022-09-15,Rock Bridge,0,Rockwood Summit,1
2022-09-15,Jefferson City,2,Rolla,1
2022-09-15,Parkway North,2,Seckman,1
2022-09-15,Vianney,2,SLUH,3
2022-09-15,Guadalupe Centers Charter,1,Smithville,3
2022-09-15,Hazelwood West,2,Soldan International Studies,3
2022-09-15,Orchard Farm,2,St. Charles,0
2022-09-15,Duchesne,0,Webster Groves,4
2022-09-15,Sacred Heart,5,St. Paul Lutheran (Concordia),1
2022-09-15,Union,2,Webb City,1
2022-09-15,Timberland,2,Troy Buchanan,3
2022-09-15,Lutheran St. Charles,4,Veritas Christian Academy,0
2022-09-15,St. Charles West,3,Warrenton,1
2022-09-15,Logan-Rogersville,3,Webb City,0
2022-09-15,Eureka,0,Webster Groves,1
2022-09-15,Lutheran South,2,Westminster Christian Academy,1
2022-09-15,North Point,3,Winfield,0
2022-09-16,Helias Catholic,1,Bishop DuBourg,3
2022-09-16,Father Tolton,2,Boonville,0
2022-09-16,Bayless,4,Crossroads College Preparatory,0
2022-09-16,Winfield,6,Elsberry,1
2022-09-16,Crocker,2,Green Ridge,5
2022-09-16,Brentwood,8,Hancock,0
2022-09-16,University City,1,Hazelwood Central,2
2022-09-16,STEAM Academy,8,Hazelwood East,0
2022-09-16,Francis Howell North,0,Holt,1
2022-09-16,McCluer North,3,Jennings,0
2022-09-16,Pembroke Hill,0,John Burroughs,1
2022-09-16,Chaminade College Prep,1,Nixa,0
2022-09-16,St. Charles,3,North Point,5
2022-09-16,Clayton,0,Notre Dame (Cape Girardeau),2
2022-09-16,Parkway West,3,Ritenour,2
2022-09-16,Capital City,1,Smithton,3
2022-09-16,Fulton,9,Southern Boone,1
2022-09-16,Marshall,5,Southern Boone,4
2022-09-16,St. Michael the Archangel,2,Springfield Catholic,1
2022-09-16,La Monte,1,St. Paul Lutheran (Concordia),6
2022-09-16,Maplewood-Richmond Hts.,0,Valley Park,1
2022-09-16,Parkway North,1,Westminster Christian Academy,3
2022-09-16,Lutheran St. Charles,1,Whitfield,4
2022-09-16,St. Pius X (Festus),2,Windsor (Imperial),0
2022-09-17,Springfield Catholic,3,Bishop DuBourg,2
2022-09-17,Ozark,4,Chaminade College Prep,3
2022-09-17,SLUH,1,Christian Brothers College,4
2022-09-17,Vianney,1,De Smet Jesuit,4
2022-09-17,Troy Buchanan,0,Ft. Zumwalt East,4
2022-09-17,Father Tolton,2,Fulton,2
2022-09-17,Barstow,6,Gateway Science Charter,3
2022-09-17,St. Michael the Archangel,5,Helias Catholic,4
2022-09-17,Clayton,2,Jackson,0
2022-09-17,Pembroke Hill,1,MICDS,5
2022-09-17,Kirkwood,1,Parkway Central,1
2022-09-17,Barstow,3,Principia,0
2022-09-17,Webster Groves,2,Priory,0
2022-09-17,St. Dominic,1,Rock Bridge,0
2022-09-17,Kickapoo,1,Rockhurst,6
2022-09-17,Francis Howell,0,Rockwood Summit,5
2022-09-17,Warrensburg,1,Southern Boone,2
2022-09-17,Boonville,3,Southern Boone,0
2022-09-17,Central (Cape Girardeau),2,St. Francis Borgia,0
2022-09-19,Helias Catholic,3,Camdenton,4
2022-09-19,Whitfield,5,Duchesne,0
2022-09-19,Hillcrest,6,Fair Grove,0
2022-09-19,Raytown South,1,Fort Osage,4
2022-09-19,Lutheran South,3,Fox,2
2022-09-19,Hillsboro,6,Fredericktown,0
2022-09-19,Lutheran St. Charles,1,Ft. Zumwalt West,2
2022-09-19,Roosevelt,5,Gateway,4
2022-09-19,Platte County,4,Grain Valley,3
2022-09-19,McDonald County,3,Greenwood,2
2022-09-19,Staley,2,Harrisonville,0
2022-09-19,Cole Camp,2,Iberia,0
2022-09-19,Cassville,0,Joplin,4
2022-09-19,Excelsior Springs,1,Kearney,2
2022-09-19,Parkway North,0,Lafayette (Wildwood),2
2022-09-19,Blue Springs,2,Lee's Summit North,1
2022-09-19,Westminster Christian Academy,8,Lutheran North,0
2022-09-19,Savannah,0,Maryville,8
2022-09-19,McKinley Classical Leadership,1,Metro,6
2022-09-19,Fatima,1,Missouri Military Academy,2
2022-09-19,Marshfield,1,Monett,3
2022-09-19,Oak Park,1,North Kansas City,2
2022-09-19,Washington,2,Pacific,1
2022-09-19,Smithville,0,Park Hill,2
2022-09-19,Hazelwood West,0,Parkway West,8
2022-09-19,Union,0,Rolla,4
2022-09-19,Moberly,1,Sacred Heart,6
2022-09-19,Perryville,2,Seckman,1
2022-09-19,Northwest (Cedar Hill),0,SLUH,7
2022-09-19,Veritas Christian Academy,2,St. Charles West,3
2022-09-19,St. Pius X (Festus),9,St. Paul Lutheran (Farmington),1
2022-09-19,Warrenton,4,Webb City,0
2022-09-19,North Point,1,Troy Buchanan,2
2022-09-19,Central (St. Joseph),1,St. Charles,2
2022-09-19,Hazelwood Central,1,University City,2
2022-09-19,Raytown,0,William Chrisman,3
2022-09-19,Grandview,7,Winnetonka,0
2022-09-20,Duchesne,0,Bishop DuBourg,2
2022-09-20,Savannah,0,Bishop LeBlond,6
2022-09-20,Park Hill South,3,Blue Springs South,0
2022-09-20,Central (Springfield),2,Bolivar,3
2022-09-20,Willard,0,Branson,1
2022-09-20,Republic,0,Carl Junction,2
2022-09-20,Webb City,0,Carthage,7
2022-09-20,Oak Grove,0,Center,1
2022-09-20,Benton,1,Chillicothe,7
2022-09-20,Pleasant Hill,4,Clinton,1
2022-09-20,Hancock,1,Crossroads College Preparatory,5
2022-09-20,Camdenton,3,Fatima,2
2022-09-20,Perryville,0,Fox,1
2022-09-20,Timberland,1,Francis Howell Central,0
2022-09-20,Ft. Zumwalt West,2,Francis Howell North,1
2022-09-20,Pacific,3,Fredericktown,2
2022-09-20,Holt,1,Ft. Zumwalt South,2
2022-09-20,West Plains,0,Glendale,8
2022-09-20,Fair Grove,2,Greenwood,3
2022-09-20,Mexico,1,Hannibal,9
2022-09-20,University City,9,Hazelwood East,1
2022-09-20,Waynesville,9,Hillcrest,1
2022-09-20,Washington,2,Hillsboro,1
2022-09-20,Lutheran St. Charles,2,Jackson,3
2022-09-20,Neosho,2,Joplin,1
2022-09-20,Rolla,1,Kickapoo,9
2022-09-20,Fulton,4,Kirksville,3
2022-09-20,St. Paul Lutheran (Concordia),2,Knob Noster,1
2022-09-20,Kirkwood,2,Ladue Horton Watkins,1
2022-09-20,Webb City,0,Laquey,7
2022-09-20,Parkview,4,Lebanon,0
2022-09-20,Lee's Summit West,1,Lee's Summit,2
2022-09-20,Ft. Zumwalt East,3,Liberty (Wentzville),1
2022-09-20,Rockhurst,5,Lincoln College Prep,1
2022-09-20,Oakville,3,Lindbergh,2
2022-09-20,Marshfield,0,Logan-Rogersville,1
2022-09-20,Lutheran (Kansas City),1,Lone Jack,0
2022-09-20,Hazelwood Central,6,McCluer North,0
2022-09-20,Vianney,2,Mehlville,1
2022-09-20,Principia,0,MICDS,1
2022-09-20,St. Pius X (Festus),8,North County,0
2022-09-20,Ruskin,2,Northeast (Kansas City),6
2022-09-20,DeSoto,0,Northwest (Cedar Hill),1
2022-09-20,Winfield,0,Orchard Farm,7
2022-09-20,Jefferson City,2,Osage,0
2022-09-20,Nixa,1,Ozark,3
2022-09-20,Lafayette (Wildwood),2,Parkway Central,1
2022-09-20,Eureka,3,Parkway West,2
2022-09-20,Liberty North,1,Raymore-Peculiar,2
2022-09-20,Jennings,0,Ritenour,10
2022-09-20,Parkway South,2,Rockwood Summit,8
2022-09-20,Lutheran South,0,Seckman,1
2022-09-20,La Monte,1,Smithton,8
2022-09-20,McDonald County,1,Springfield Catholic,7
2022-09-20,Troy Buchanan,5,St. Charles,0
2022-09-20,Father Tolton,0,St. Dominic,4
2022-09-20,St. Francis Borgia,4,Webster Groves,1
2022-09-20,Green Ridge,3,Willard,2
2022-09-20,Brentwood,2,Valley Park,3
2022-09-20,Odessa,1,Warrensburg,2
2022-09-20,Chaminade College Prep,0,Webster Groves,4
2022-09-21,Priory,1,Christian Brothers College,6
2022-09-21,Iberia,0,Crocker,8
2022-09-21,Grain Valley,1,East (Kansas City),7
2022-09-21,Canton,2,Elsberry,0
2022-09-21,Winfield,4,Festus,1
2022-09-21,North Kansas City,0,Fort Osage,1
2022-09-21,Seckman,8,Fox,1
2022-09-21,Washington,9,Fredericktown,1
2022-09-21,Metro,3,Gateway,0
2022-09-21,Raytown,4,Grandview,2
2022-09-21,Gateway Science Charter,2,Hancock,0
2022-09-21,Park Hill,6,Harrisonville,0
2022-09-21,Hazelwood East,1,Hazelwood West,8
2022-09-21,Pacific,1,Hillsboro,2
2022-09-21,Lutheran North,8,Jennings,0
2022-09-21,Westminster Christian Academy,1,John Burroughs,3
2022-09-21,Marshfield,0,Logan-Rogersville,1
2022-09-21,Glendale,1,Ozark,0
2022-09-21,Veritas Christian Academy,0,Pattonville,3
2022-09-21,St. Charles West,0,Pattonville,3
2022-09-21,Lutheran South,0,Perryville,2
2022-09-21,Kearney,2,Platte County,1
2022-09-21,William Chrisman,1,Raytown South,2
2022-09-21,Smithton,2,Rock Bridge,4
2022-09-21,Staley,2,Smithville,2
2022-09-21,McKinley Classical Leadership,1,Soldan International Studies,10
2022-09-21,North Point,0,St. Charles,1
2022-09-21,Savannah,1,St. Michael the Archangel,3
2022-09-21,Oak Park,1,St. Charles,0
2022-09-21,North County,0,Union,3
2022-09-21,Blue Springs South,1,Van Horn,0
2022-09-21,Central (St. Joseph),7,Winnetonka,0
2022-09-22,Excelsior Springs,8,Benton,0
2022-09-22,St. Pius X (Kansas City),1,Bishop LeBlond,3
2022-09-22,Pembroke Hill,0,Blue Springs,3
2022-09-22,Fatima,3,Boonville,1
2022-09-22,Clinton,0,Camdenton,6
2022-09-22,Maryville,8,Cameron,0
2022-09-22,Winfield,4,Canton,1
2022-09-22,Cassville,0,Carl Junction,2
2022-09-22,McDonald County,0,Carthage,6
2022-09-22,Fort Osage,1,Central (St. Joseph),0
2022-09-22,De Smet Jesuit,0,Chaminade College Prep,1
2022-09-22,Parkway South,2,Clayton,4
2022-09-22,Smithton,5,Cole Camp,0
2022-09-22,Guadalupe Centers Charter,1,Cristo Rey,2
2022-09-22,Lutheran St. Charles,3,Duchesne,2
2022-09-22,Festus,1,Elsberry,2
2022-09-22,Rockwood Summit,2,Eureka,0
2022-09-22,Ft. Zumwalt West,0,Francis Howell,2
2022-09-22,Ft. Zumwalt East,1,Francis Howell North,0
2022-09-22,Timberland,0,Ft. Zumwalt North,3
2022-09-22,Christian Brothers College,4,Ft. Zumwalt South,1
2022-09-22,Hannibal,3,Fulton,0
2022-09-22,Gateway Science Charter,4,Gateway,0
2022-09-22,Sacred Heart,5,Green Ridge,1
2022-09-22,Branson,3,Hillcrest,0
2022-09-22,Hazelwood West,8,Jennings,0
2022-09-22,Lindbergh,3,Kirkwood,1
2022-09-22,Center,1,Knob Noster,0
2022-09-22,Lafayette (Wildwood),0,Ladue Horton Watkins,1
2022-09-22,Laquey,6,Lebanon,0
2022-09-22,Raymore-Peculiar,0,Lee's Summit,1
2022-09-22,Lee's Summit North,2,Lee's Summit West,3
2022-09-22,Liberty North,4,Liberty,1
2022-09-22,Raytown,2,Lincoln College Prep,9
2022-09-22,Willard,2,Logan-Rogersville,4
2022-09-22,Lutheran North,1,Maplewood-Richmond Hts.,3
2022-09-22,West Plains,3,Marshfield,2
2022-09-22,Hazelwood East,0,McCluer North,2
2022-09-22,Central (Cape Girardeau),3,Mehlville,0
2022-09-22,Springfield Catholic,2,Monett,0
2022-09-22,Paseo Academy,0,Northeast (Kansas City),6
2022-09-22,Marshall,2,Odessa,0
2022-09-22,Warrenton,0,Orchard Farm,3
2022-09-22,Troy Buchanan,2,Pattonville,0
2022-09-22,Van Horn,2,Platte County,3
2022-09-22,Crossroads College Preparatory,0,Principia,5
2022-09-22,Central (Springfield),3,Republic,0
2022-09-22,Poplar Bluff,0,Sikeston,1
2022-09-22,St. Charles West,0,St. Charles,1
2022-09-22,Webster Groves,0,St. Dominic,6
2022-09-22,Father Tolton,5,St. Francis Borgia,3
2022-09-22,Pleasant Hill,0,St. Paul Lutheran (Concordia),1
2022-09-22,St. Paul Lutheran (Farmington),1,Webb City,3
2022-09-22,St. Michael the Archangel,3,Summit Christian Academy,1
2022-09-22,North Point,2,Veritas Christian Academy,3
2022-09-22,Bolivar,1,Warrensburg,2
2022-09-22,Nixa,4,Waynesville,1
2022-09-22,Marquette,0,Webster Groves,2
2022-09-23,Northeast (Kansas City),1,Barstow,3
2022-09-23,Moberly,0,Boonville,8
2022-09-23,Missouri Military Academy,5,Chillicothe,4
2022-09-23,Laquey,8,Crocker,0
2022-09-23,Valley Park,5,Crossroads College Preparatory,0
2022-09-23,North Point,1,Ft. Zumwalt North,5
2022-09-23,Smithville,1,Harrisonville,1
2022-09-23,Duchesne,3,Hazelwood West,2
2022-09-23,Mexico,1,Hickman,3
2022-09-23,Lutheran St. Charles,1,Jefferson City,0
2022-09-23,Savannah,0,Kirksville,0
2022-09-23,New Covenant Academy,6,Lebanon,0
2022-09-23,Brentwood,7,Maplewood-Richmond Hts.,1
2022-09-23,Wright City,5,Moberly,2
2022-09-23,Helias Catholic,1,Oakville,2
2022-09-23,Staley,0,Park Hill,3
2022-09-23,Capital City,7,Rolla,5
2022-09-23,Lutheran (Kansas City),1,Sacred Heart,2
2022-09-23,Affton,7,Southern Boone,2
2022-09-23,Glendale,1,Springfield Catholic,0
2022-09-23,Whitfield,3,Westminster Christian Academy,1
2022-09-24,Savannah,0,Affton,0
2022-09-24,Kirksville,1,Affton,1
2022-09-24,Greenwood,5,Aurora,2
2022-09-24,Cassville,6,Aurora,2
2022-09-24,Mexico,2,Boonville,1
2022-09-24,Hickman,2,Boonville,2
2022-09-24,Warrensburg,2,Camdenton,1
2022-09-24,Moberly,3,Chillicothe,3
2022-09-24,Wright City,3,Chillicothe,0
2022-09-24,Bolivar,6,Clinton,0
2022-09-24,Winfield,2,Elsberry,0
2022-09-24,Canton,2,Festus,3
2022-09-24,Fredericktown,0,Fox,1
2022-09-24,Ft. Zumwalt East,3,Ft. Zumwalt South,0
2022-09-24,Warrenton,1,Fulton,6
2022-09-24,Marshall,2,Hannibal,1
2022-09-24,Lutheran St. Charles,4,Helias Catholic,1
2022-09-24,Perryville,2,Hillsboro,1
2022-09-24,Oakville,6,Jefferson City,0
2022-09-24,Joplin,2,Jefferson City,0
2022-09-24,MICDS,0,John Burroughs,2
2022-09-24,Helias Catholic,4,Joplin,7
2022-09-24,Clayton,5,Mehlville,3
2022-09-24,Moberly,0,Mexico,7
2022-09-24,Missouri Military Academy,5,Moberly,0
2022-09-24,Parkway West,1,Northwest (Cedar Hill),3
2022-09-24,Lutheran South,3,Pacific,0
2022-09-24,Liberty North,2,Park Hill South,0
2022-09-24,Capital City,9,Poplar Bluff,1
2022-09-24,Rolla,1,Poplar Bluff,4
2022-09-24,Farmington,1,Priory,0
2022-09-24,Branson,1,Rolla,2
2022-09-24,Washington,0,Seckman,5
2022-09-24,Savannah,2,Southern Boone,0
2022-09-24,Kirksville,1,Southern Boone,1
2022-09-24,Marquette,2,St. Dominic,1
2022-09-24,Father Tolton,5,St. Paul Lutheran (Concordia),0
2022-09-24,Chaminade College Prep,1,Vianney,1
2022-09-24,Capital City,3,Waynesville,0
2022-09-24,Branson,0,Waynesville,1
2022-09-24,Missouri Military Academy,1,Wright City,1
2022-09-26,Bayless,0,Bishop DuBourg,1
2022-09-26,Winnetonka,0,Cameron,2
2022-09-26,Monett,2,Central (Springfield),3
2022-09-26,North Kansas City,2,Central (St. Joseph),3
2022-09-26,Francis Howell,2,Eureka,3
2022-09-26,Smithville,3,Excelsior Springs,2
2022-09-26,Dixon,2,Fair Grove,4
2022-09-26,Hickman,8,Father Tolton,4
2022-09-26,Oakville,3,Fox,0
2022-09-26,Liberty (Wentzville),2,Francis Howell Central,1
2022-09-26,Poplar Bluff,5,Fredericktown,1
2022-09-26,William Chrisman,0,Grain Valley,2
2022-09-26,St. Charles,2,Grandview,0
2022-09-26,Lebanon,0,Greenwood,4
2022-09-26,St. Pius X (Festus),2,Hillsboro,3
2022-09-26,Troy Buchanan,0,Holt,1
2022-09-26,Sikeston,0,Jackson,6
2022-09-26,Northeast (Kansas City),1,Knob Noster,2
2022-09-26,Aurora,0,Laquey,7
2022-09-26,Guadalupe Centers Charter,3,Lone Jack,0
2022-09-26,Roosevelt,4,McKinley Classical Leadership,1
2022-09-26,Soldan International Studies,1,Metro,6
2022-09-26,Fatima,7,Mexico,4
2022-09-26,Iberia,0,New Covenant Academy,8
2022-09-26,St. Francis Borgia,1,North Point,3
2022-09-26,Seckman,0,Northwest (Cedar Hill),3
2022-09-26,Fort Osage,0,Oak Park,1
2022-09-26,Lee's Summit North,4,Park Hill,0
2022-09-26,Ruskin,0,Raytown South,4
2022-09-26,Christian Brothers College,2,Rockwood Summit,3
2022-09-26,Duchesne,1,St. Charles,0
2022-09-26,St. Paul Lutheran (Concordia),2,Willard,1
2022-09-26,Brentwood,5,University City,1
2022-09-26,Kearney,8,Winnetonka,0
2022-09-27,Van Horn,2,Barstow,1
2022-09-27,Raymore-Peculiar,1,Blue Springs,4
2022-09-27,Bayless,4,Brentwood,2
2022-09-27,Bolivar,1,Camdenton,2
2022-09-27,Duchesne,6,Cardinal Ritter,0
2022-09-27,Carl Junction,0,Carthage,8
2022-09-27,Eureka,2,Central (Cape Girardeau),1
2022-09-27,Kirksville,4,Chillicothe,1
2022-09-27,Lindbergh,0,De Smet Jesuit,1
2022-09-27,Lutheran St. Charles,0,Farmington,4
2022-09-27,Windsor (Imperial),7,Festus,1
2022-09-27,Timberland,0,Francis Howell North,1
2022-09-27,SLUH,4,Ft. Zumwalt South,0
2022-09-27,Francis Howell,2,Ft. Zumwalt West,0
2022-09-27,Moberly,1,Fulton,8
2022-09-27,La Monte,0,Green Ridge,8
2022-09-27,Clinton,0,Harrisonville,6
2022-09-27,Hazelwood Central,8,Hazelwood East,0
2022-09-27,McCluer North,0,Hazelwood West,5
2022-09-27,Union,1,Helias Catholic,0
2022-09-27,Washington,0,Holt,7
2022-09-27,Christian Brothers College,5,Kirkwood,2
2022-09-27,Staley,2,Lee's Summit North,3
2022-09-27,Liberty North,0,Lee's Summit West,3
2022-09-27,Blue Springs South,0,Liberty,4
2022-09-27,Ft. Zumwalt North,1,Liberty (Wentzville),2
2022-09-27,Paseo Academy,0,Lincoln College Prep,9
2022-09-27,Cassville,0,Logan-Rogersville,3
2022-09-27,Priory,8,Lutheran North,0
2022-09-27,MICDS,2,Lutheran South,1
2022-09-27,Crossroads College Preparatory,0,Maplewood-Richmond Hts.,5
2022-09-27,Capital City,0,Marshall,2
2022-09-27,Greenwood,6,Marshfield,1
2022-09-27,Willard,0,Neosho,3
2022-09-27,Republic,0,Nixa,5
2022-09-27,Raytown,1,Northeast (Kansas City),0
2022-09-27,Center,2,Odessa,3
2022-09-27,Boonville,1,Osage,6
2022-09-27,Branson,1,Ozark,5
2022-09-27,Lee's Summit,3,Park Hill South,2
2022-09-27,Kickapoo,8,Parkview,0
2022-09-27,DeSoto,0,Perryville,1
2022-09-27,Warrensburg,4,Pleasant Hill,1
2022-09-27,Fox,0,Ritenour,1
2022-09-27,Hillcrest,1,Rolla,7
2022-09-27,Affton,2,Seckman,0
2022-09-27,Jefferson City,1,Savannah,0
2022-09-27,Mexico,0,Southern Boone,5
2022-09-27,North Point,5,St. Charles,1
2022-09-27,Winfield,1,St. Charles West,3
2022-09-27,Gateway Science Charter,1,Webster Groves,2
2022-09-27,Notre Dame (Cape Girardeau),2,St. Pius X (Festus),0
2022-09-27,Sacred Heart,5,Willard,2
2022-09-27,Wright City,4,Webb City,1
2022-09-27,Lone Jack,1,Summit Christian Academy,5
2022-09-27,STEAM Academy,1,University City,2
2022-09-27,Hancock,0,Valley Park,6
2022-09-27,Bishop DuBourg,2,Veritas Christian Academy,1
2022-09-27,Lafayette (Wildwood),1,Vianney,3
2022-09-27,Orchard Farm,8,Warrenton,0
2022-09-27,Glendale,1,Waynesville,0
2022-09-27,Joplin,4,Webb City,3
2022-09-27,Central (Springfield),0,West Plains,1
2022-09-27,Principia,2,Westminster Christian Academy,3
2022-09-27,John Burroughs,0,Whitfield,3
2022-09-28,Kearney,0,Central (St. Joseph),3
2022-09-28,Canton,5,Elsberry,1
2022-09-28,Ladue Horton Watkins,1,Francis Howell Central,2
2022-09-28,Fort Osage,1,Grandview,2
2022-09-28,Hickman,2,Hannibal,3
2022-09-28,Knob Noster,4,La Monte,1
2022-09-28,Benton,5,Lafayette (St. Joseph),1
2022-09-28,Webster Groves,4,Lafayette (Wildwood),1
2022-09-28,Clayton,3,MICDS,2
2022-09-28,Father Tolton,6,Missouri Military Academy,0
2022-09-28,Central (Cape Girardeau),8,North County,0
2022-09-28,Ruskin,1,North Kansas City,9
2022-09-28,Oakville,2,Northwest (Cedar Hill),3
2022-09-28,Parkway Central,5,Pattonville,1
2022-09-28,Grain Valley,2,Raytown,1
2022-09-28,Winnetonka,0,Raytown South,8
2022-09-28,Metro,3,Roosevelt,0
2022-09-28,Smithville,2,St. Charles,1
2022-09-28,Central (Springfield),0,West Plains,1
2022-09-28,St. Dominic,1,Westminster Christian Academy,2
2022-09-28,Platte County,3,William Chrisman,0
2022-09-28,Fredericktown,0,Windsor (Imperial),6
2022-09-29,Fox,0,Affton,8
2022-09-29,Pembroke Hill,5,Barstow,1
2022-09-29,Gateway Science Charter,2,Bayless,1
2022-09-29,Maryville,5,Bishop LeBlond,0
2022-09-29,Liberty,2,Blue Springs,3
2022-09-29,Raymore-Peculiar,3,Blue Springs South,2
2022-09-29,Willard,2,Boonville,1
2022-09-29,Parkview,1,Branson,5
2022-09-29,Ozark,1,Central (Springfield),0
2022-09-29,Center,3,Clinton,0
2022-09-29,Iberia,0,Crocker,4
2022-09-29,Vianney,1,De Smet Jesuit,2
2022-09-29,Lutheran South,3,DeSoto,2
2022-09-29,Laquey,8,Dixon,0
2022-09-29,Veritas Christian Academy,2,Duchesne,6
2022-09-29,Holt,0,Ft. Zumwalt East,1
2022-09-29,Liberty (Wentzville),2,Ft. Zumwalt North,1
2022-09-29,Capital City,0,Glendale,2
2022-09-29,Staley,2,Grandview,1
2022-09-29,Cole Camp,0,Green Ridge,2
2022-09-29,Hazelwood West,6,Hazelwood East,1
2022-09-29,Nixa,1,Jackson,0
2022-09-29,Parkway Central,0,John Burroughs,2
2022-09-29,William Chrisman,1,Kearney,2
2022-09-29,Lee's Summit West,0,Kickapoo,1
2022-09-29,Pleasant Hill,0,Knob Noster,2
2022-09-29,Summit Christian Academy,3,Lafayette (St. Joseph),0
2022-09-29,Park Hill South,4,Lee's Summit North,2
2022-09-29,Raytown South,1,Lincoln College Prep,7
2022-09-29,Warrensburg,6,Lone Jack,1
2022-09-29,Guadalupe Centers Charter,3,Lutheran (Kansas City),4
2022-09-29,Crossroads College Preparatory,5,Lutheran North,2
2022-09-29,Bishop DuBourg,1,Lutheran St. Charles,2
2022-09-29,Eureka,1,Marquette,2
2022-09-29,Moberly,0,Marshall,8
2022-09-29,Neosho,2,McDonald County,0
2022-09-29,Mexico,1,Missouri Military Academy,3
2022-09-29,Logan-Rogersville,1,New Covenant Academy,0
2022-09-29,Warrenton,0,North Point,4
2022-09-29,Odessa,0,Oak Grove,3
2022-09-29,Liberty North,2,Oak Park,0
2022-09-29,Lee's Summit,3,Park Hill,4
2022-09-29,Ritenour,3,Parkway North,1
2022-09-29,SLUH,7,Parkway South,0
2022-09-29,St. Pius X (Festus),0,Perryville,3
2022-09-29,Maplewood-Richmond Hts.,1,Principia,7
2022-09-29,Monett,3,Republic,2
2022-09-29,Pattonville,1,Seckman,0
2022-09-29,Waynesville,4,Savannah,1
2022-09-29,Orchard Farm,2,St. Charles West,1
2022-09-29,Christian Brothers College,3,St. Dominic,2
2022-09-29,Webb City,0,St. Francis Borgia,6
2022-09-29,Chillicothe,2,St. Paul Lutheran (Concordia),3
2022-09-29,Fredericktown,4,St. Paul Lutheran (Farmington),0
2022-09-29,McCluer North,0,STEAM Academy,8
2022-09-29,Ft. Zumwalt West,0,Timberland,1
2022-09-29,Francis Howell North,2,Troy Buchanan,1
2022-09-29,Pacific,3,Union,0
2022-09-29,North County,1,Valley Park,3
2022-09-29,St. Charles,1,Van Horn,3
2022-09-29,Farmington,0,Webster Groves,2
2022-09-29,Priory,1,Whitfield,2
2022-09-29,St. Charles,0,Winfield,1
2022-09-30,Valley Park,0,Bayless,3
2022-09-30,Webb City,0,Bolivar,2
2022-09-30,Hillsboro,2,Camdenton,1
2022-09-30,Hannibal,4,Carl Junction,1
2022-09-30,Capital City,2,Carthage,3
2022-09-30,Brentwood,7,Crossroads College Preparatory,0
2022-09-30,Fulton,9,Elsberry,1
2022-09-30,Savannah,1,Glendale,3
2022-09-30,Dixon,1,Greenwood,3
2022-09-30,Fatima,0,Hickman,4
2022-09-30,Willard,1,Hillcrest,0
2022-09-30,Kickapoo,4,Jackson,0
2022-09-30,Republic,0,Jefferson City,1
2022-09-30,Hazelwood Central,8,Jennings,0
2022-09-30,Parkway Central,0,John Burroughs,2
2022-09-30,Nixa,3,Lee's Summit West,1
2022-09-30,Lebanon,1,Logan-Rogersville,3
2022-09-30,Hancock,0,Maplewood-Richmond Hts.,5
2022-09-30,Neosho,3,Marshfield,2
2022-09-30,Gateway Science Charter,10,McKinley Classical Leadership,0
2022-09-30,Ladue Horton Watkins,4,MICDS,1
2022-09-30,Perryville,0,Northwest (Cedar Hill),3
2022-09-30,Parkway West,1,Orchard Farm,0
2022-09-30,Rolla,0,Osage,2
2022-09-30,New Covenant Academy,5,Smithton,0
2022-09-30,Hazelwood East,0,Wright City,7
2022-10-01,Willard,2,Bolivar,0
2022-10-01,Neosho,5,Bolivar,2
2022-10-01,Carl Junction,2,Camdenton,3
2022-10-01,Republic,1,Camdenton,2
2022-10-01,Hillsboro,2,Carl Junction,0
2022-10-01,Lee's Summit West,2,Carthage,3
2022-10-01,Laquey,8,Crocker,0
2022-10-01,Crocker,1,Dixon,3
2022-10-01,Iberia,0,Dixon,7
2022-10-01,Webster Groves,1,Father Tolton,3
2022-10-01,Troy Buchanan,1,Francis Howell,0
2022-10-01,Jackson,0,Glendale,1
2022-10-01,Republic,0,Hannibal,1
2022-10-01,Rolla,2,Hickman,6
2022-10-01,Osage,1,Hickman,5
2022-10-01,Lebanon,5,Hillcrest,1
2022-10-01,Marshfield,4,Hillcrest,0
2022-10-01,Rolla,4,Hillsboro,3
2022-10-01,Laquey,17,Iberia,0
2022-10-01,Hannibal,1,Jefferson City,0
2022-10-01,Fatima,0,Jefferson City,6
2022-10-01,Capital City,0,Kickapoo,2
2022-10-01,Willard,1,Logan-Rogersville,3
2022-10-01,Webb City,3,Marshfield,2
2022-10-01,SLUH,3,Mehlville,1
2022-10-01,Fatima,1,Osage,9
2022-10-01,Timberland,0,Parkway West,4
2022-10-01,De Smet Jesuit,2,Priory,1
2022-10-01,Kirkwood,1,Rockwood Summit,3
2022-10-01,Nixa,1,Savannah,0
2022-10-01,Greenwood,0,Smithton,2
2022-10-01,Lebanon,1,Webb City,7
2022-10-03,Priory,5,Bayless,0
2022-10-03,Grain Valley,2,Belton,1
2022-10-03,Liberty (Wentzville),1,Chaminade College Prep,2
2022-10-03,Marquette,3,Clayton,0
2022-10-03,New Covenant Academy,5,Crocker,2
2022-10-03,Grandview,2,Excelsior Springs,3
2022-10-03,Helias Catholic,4,Fatima,1
2022-10-03,Central (St. Joseph),1,Fort Osage,3
2022-10-03,Hancock,5,Hazelwood East,6
2022-10-03,Hazelwood Central,1,Hazelwood West,3
2022-10-03,Seckman,1,Jackson,0
2022-10-03,Smithton,6,La Monte,0
2022-10-03,Lindbergh,4,Ladue Horton Watkins,2
2022-10-03,Savannah,0,Lafayette (St. Joseph),2
2022-10-03,Marshall,8,Mexico,0
2022-10-03,St. Charles,2,North Kansas City,3
2022-10-03,Troy Buchanan,3,North Point,0
2022-10-03,Winnetonka,1,Northeast (Kansas City),9
2022-10-03,North County,0,Pacific,4
2022-10-03,Platte County,3,Park Hill,1
2022-10-03,Monett,2,Parkview,1
2022-10-03,Fox,1,Parkway North,3
2022-10-03,Lee's Summit North,1,Raymore-Peculiar,3
2022-10-03,Kearney,6,Ruskin,0
2022-10-03,Raytown South,2,Smithville,3
2022-10-03,Gateway,1,Soldan International Studies,3
2022-10-03,Canton,0,Southern Boone,6
2022-10-03,Ritenour,3,St. Charles,2
2022-10-03,Whitfield,8,St. Charles West,0
2022-10-03,Oak Grove,2,St. Michael the Archangel,4
2022-10-03,St. Francis Borgia,3,St. Pius X (Festus),0
2022-10-03,Sacred Heart,5,Willard,0
2022-10-03,Gateway Science Charter,1,Union,2
2022-10-03,Oak Park,0,William Chrisman,4
2022-10-03,Affton,5,Windsor (Imperial),1
2022-10-03,Fulton,3,Winfield,4
2022-10-04,Cardinal Ritter,0,Bishop DuBourg,8
2022-10-04,Lee's Summit West,2,Blue Springs South,1
2022-10-04,Hillcrest,1,Bolivar,2
2022-10-04,Hancock,0,Brentwood,8
2022-10-04,Glendale,2,Camdenton,1
2022-10-04,Branson,2,Carl Junction,1
2022-10-04,New Covenant Academy,0,Central (Springfield),1
2022-10-04,De Smet Jesuit,2,Christian Brothers College,1
2022-10-04,Willard,5,Cole Camp,0
2022-10-04,Fair Grove,1,Crocker,4
2022-10-04,Festus,0,DeSoto,7
2022-10-04,Pattonville,1,Duchesne,2
2022-10-04,Lincoln College Prep,1,East (Kansas City),4
2022-10-04,Lindbergh,1,Eureka,0
2022-10-04,Hillsboro,0,Farmington,4
2022-10-04,Timberland,1,Francis Howell,4
2022-10-04,Francis Howell Central,2,Francis Howell North,1
2022-10-04,La Monte,0,Green Ridge,8
2022-10-04,Kirksville,1,Hannibal,4
2022-10-04,Ft. Zumwalt North,2,Holt,3
2022-10-04,Carthage,3,Joplin,1
2022-10-04,West Plains,1,Kickapoo,9
2022-10-04,Waynesville,5,Lebanon,0
2022-10-04,Blue Springs,2,Lee's Summit,3
2022-10-04,Monett,0,Logan-Rogersville,2
2022-10-04,St. Paul Lutheran (Concordia),3,Lone Jack,4
2022-10-04,Windsor (Imperial),0,Lutheran South,2
2022-10-04,Veritas Christian Academy,0,Lutheran St. Charles,4
2022-10-04,Valley Park,4,Maplewood-Richmond Hts.,1
2022-10-04,Benton,1,Maryville,9
2022-10-04,Cassville,2,McDonald County,1
2022-10-04,Osage,6,Mexico,0
2022-10-04,Westminster Christian Academy,2,MICDS,1
2022-10-04,Nixa,1,Neosho,0
2022-10-04,Poplar Bluff,0,Notre Dame (Cape Girardeau),6
2022-10-04,Clinton,1,Odessa,9
2022-10-04,North Point,0,Orchard Farm,2
2022-10-04,Rolla,7,Parkview,0
2022-10-04,Northwest (Cedar Hill),2,Parkway South,0
2022-10-04,Mehlville,1,Parkway West,0
2022-10-04,Sikeston,0,Perryville,2
2022-10-04,Oak Grove,4,Pleasant Hill,0
2022-10-04,Ozark,2,Republic,0
2022-10-04,Pembroke Hill,2,Rockhurst,5
2022-10-04,Chaminade College Prep,3,Rockwood Summit,2
2022-10-04,Lafayette (Wildwood),1,Seckman,0
2022-10-04,Vianney,2,SLUH,3
2022-10-04,Aurora,0,Springfield Catholic,8
2022-10-04,St. Charles West,0,St. Charles,2
2022-10-04,St. Francis Borgia,0,St. Dominic,8
2022-10-04,Affton,3,Webster Groves,4
2022-10-04,Barstow,0,St. Michael the Archangel,4
2022-10-04,Liberty,2,Staley,1
2022-10-04,Hazelwood East,0,STEAM Academy,6
2022-10-04,Pacific,2,Webb City,0
2022-10-04,St. Pius X (Kansas City),1,Summit Christian Academy,2
2022-10-04,Guadalupe Centers Charter,1,Van Horn,2
2022-10-04,Winfield,3,Warrenton,2
2022-10-04,Ft. Zumwalt East,4,Washington,0
2022-10-04,Kirkwood,0,Webster Groves,2
2022-10-04,Webb City,2,Willard,1
2022-10-05,Savannah,4,Benton,1
2022-10-05,Lutheran (Kansas City),2,Bishop LeBlond,1
2022-10-05,St. Pius X (Festus),2,Brentwood,1
2022-10-05,Cristo Rey,4,Center,3
2022-10-05,Sacred Heart,8,Cole Camp,0
2022-10-05,St. Charles,1,Excelsior Springs,3
2022-10-05,Belton,3,Fort Osage,2
2022-10-05,Bayless,3,Fox,2
2022-10-05,Holt,1,Ft. Zumwalt West,2
2022-10-05,Raytown South,1,Grandview,2
2022-10-05,Smithton,3,Green Ridge,0
2022-10-05,Raytown,2,Harrisonville,1
2022-10-05,Dixon,6,Iberia,1
2022-10-05,STEAM Academy,7,Jennings,0
2022-10-05,Cameron,3,Lafayette (St. Joseph),4
2022-10-05,Eureka,1,Lafayette (Wildwood),2
2022-10-05,Kearney,0,Liberty,3
2022-10-05,St. Pius X (Kansas City),1,Oak Park,0
2022-10-05,Park Hill,1,Park Hill South,2
2022-10-05,Westminster Christian Academy,2,Parkway South,1
2022-10-05,Central (St. Joseph),2,Raytown,0
2022-10-05,Soldan International Studies,3,Roosevelt,1
2022-10-05,North Kansas City,0,Smithville,3
2022-10-05,Washington,2,Union,7
2022-10-05,Ruskin,8,Winnetonka,1
2022-10-06,Crossroads College Preparatory,0,Bayless,7
2022-10-06,Blue Springs South,1,Blue Springs,3
2022-10-06,Logan-Rogersville,1,Bolivar,0
2022-10-06,Lutheran St. Charles,8,Cardinal Ritter,0
2022-10-06,Kickapoo,3,Carthage,0
2022-10-06,Aurora,1,Cassville,3
2022-10-06,Grandview,2,Center,1
2022-10-06,Sacred Heart,8,Cole Camp,0
2022-10-06,Bishop DuBourg,2,Duchesne,0
2022-10-06,Guadalupe Centers Charter,0,East (Kansas City),8
2022-10-06,Festus,1,Farmington,9
2022-10-06,St. Dominic,4,Father Tolton,1
2022-10-06,Pattonville,1,Fox,0
2022-10-06,Troy Buchanan,0,Francis Howell Central,3
2022-10-06,Ft. Zumwalt West,1,Ft. Zumwalt East,2
2022-10-06,Washington,0,Ft. Zumwalt North,4
2022-10-06,Francis Howell,5,Ft. Zumwalt South,0
2022-10-06,Branson,0,Glendale,1
2022-10-06,St. Pius X (Kansas City),0,Harrisonville,2
2022-10-06,University City,3,Hazelwood Central,2
2022-10-06,STEAM Academy,3,Hazelwood West,4
2022-10-06,Central (Cape Girardeau),1,Jackson,2
2022-10-06,Priory,2,John Burroughs,1
2022-10-06,Moberly,3,Kirksville,0
2022-10-06,Marquette,2,Kirkwood,0
2022-10-06,Warrensburg,5,Knob Noster,0
2022-10-06,Waynesville,1,Laquey,2
2022-10-06,Raymore-Peculiar,1,Lee's Summit West,4
2022-10-06,Timberland,0,Liberty (Wentzville),3
2022-10-06,Kearney,0,Liberty North,5
2022-10-06,Barstow,2,Lincoln College Prep,3
2022-10-06,SLUH,5,Lindbergh,0
2022-10-06,Principia,8,Lutheran North,0
2022-10-06,Fulton,0,Marshall,2
2022-10-06,Fair Grove,1,Marshfield,3
2022-10-06,St. Paul Lutheran (Concordia),0,Maryville,7
2022-10-06,Gateway Science Charter,1,Metro,2
2022-10-06,Canton,0,Missouri Military Academy,0
2022-10-06,Parkview,2,New Covenant Academy,4
2022-10-06,Springfield Catholic,0,Nixa,2
2022-10-06,Sikeston,0,North County,1
2022-10-06,Parkway Central,0,Northwest (Cedar Hill),3
2022-10-06,Fredericktown,0,Notre Dame (Cape Girardeau),9
2022-10-06,Boonville,0,Oak Grove,2
2022-10-06,Raytown,1,Oak Park,1
2022-10-06,Mehlville,0,Oakville,1
2022-10-06,Clinton,0,Osage,7
2022-10-06,Platte County,1,Park Hill South,2
2022-10-06,Seckman,0,Parkway North,1
2022-10-06,Clayton,4,Parkway West,0
2022-10-06,St. Michael the Archangel,1,Pembroke Hill,5
2022-10-06,Rolla,2,Republic,0
2022-10-06,Affton,3,Ritenour,0
2022-10-06,Central (St. Joseph),2,Savannah,0
2022-10-06,William Chrisman,1,Savannah,0
2022-10-06,North Point,0,St. Charles West,2
2022-10-06,Webster Groves,0,St. Francis Borgia,1
2022-10-06,Lee's Summit,4,Staley,1
2022-10-06,Dixon,5,Webb City,4
2022-10-06,Summit Christian Academy,2,Van Horn,5
2022-10-06,Capital City,0,Vianney,5
2022-10-06,Elsberry,0,Warrenton,6
2022-10-06,Central (Springfield),3,Webb City,2
2022-10-06,Rockwood Summit,1,Webster Groves,5
2022-10-06,McDonald County,1,Willard,2
2022-10-07,Valley Park,0,Brentwood,3
2022-10-07,St. Michael the Archangel,1,Carthage,3
2022-10-07,Francis Howell North,2,Christian Brothers College,1
2022-10-07,La Monte,2,Cole Camp,3
2022-10-07,Wright City,6,Elsberry,2
2022-10-07,Laquey,8,Fair Grove,0
2022-10-07,Hickman,0,Francis Howell,1
2022-10-07,Veritas Christian Academy,1,Ft. Zumwalt North,3
2022-10-07,Rock Bridge,3,Ft. Zumwalt South,0
2022-10-07,Willard,0,Green Ridge,2
2022-10-07,Crossroads College Preparatory,3,Hancock,0
2022-10-07,Calvary Lutheran,1,Iberia,4
2022-10-07,Chaminade College Prep,2,Kickapoo,1
2022-10-07,Lincoln College Prep,0,Ladue Horton Watkins,3
2022-10-07,Lutheran South,8,Lutheran North,0
2022-10-07,Bayless,2,Maplewood-Richmond Hts.,1
2022-10-07,Barstow,4,Maryville,2
2022-10-07,Webster Groves,8,McCluer North,0
2022-10-07,University City,0,MICDS,8
2022-10-07,Ozark,5,Monett,1
2022-10-07,Jennings,1,Parkway North,11
2022-10-07,Gateway Science Charter,2,Principia,4
2022-10-07,Duchesne,0,Priory,2
2022-10-07,Sacred Heart,3,Smithton,0
2022-10-07,Camdenton,0,Southern Boone,1
2022-10-07,Hazelwood West,2,St. Charles,3
2022-10-07,Orchard Farm,0,Whitfield,2
2022-10-07,DeSoto,2,Windsor (Imperial),0
2022-10-07,Lutheran St. Charles,8,Winfield,1
2022-10-08,Rockhurst,1,Blue Springs,0
2022-10-08,Ladue Horton Watkins,4,Carthage,0
2022-10-08,Whitfield,1,Clayton,0
2022-10-08,Kirksville,0,Father Tolton,3
2022-10-08,Ozark,2,Francis Howell,0
2022-10-08,Hickman,2,Ft. Zumwalt South,1
2022-10-08,Oak Park,1,Harrisonville,2
2022-10-08,Monett,0,Hickman,3
2022-10-08,Poplar Bluff,1,Hillsboro,4
2022-10-08,Pembroke Hill,0,Ladue Horton Watkins,2
2022-10-08,St. Paul Lutheran (Concordia),1,Lincoln College Prep,6
2022-10-08,Vianney,0,Lindbergh,5
2022-10-08,Cristo Rey,4,Lutheran (Kansas City),0
2022-10-08,Rock Bridge,9,Monett,1
2022-10-08,Fox,1,Northwest (Cedar Hill),5
2022-10-08,Rock Bridge,6,Ozark,0
2022-10-08,St. Pius X (Kansas City),1,Raytown,5
2022-10-08,Cameron,0,Warrensburg,8
2022-10-10,Lutheran South,1,Affton,2
2022-10-10,Fair Grove,0,Aurora,1
2022-10-10,Whitfield,6,Bayless,2
2022-10-10,Platte County,3,Belton,2
2022-10-10,Odessa,5,Boonville,2
2022-10-10,Moberly,8,Calvary Lutheran,0
2022-10-10,Hannibal,3,Capital City,4
2022-10-10,Excelsior Springs,2,Central (St. Joseph),1
2022-10-10,Savannah,1,Chillicothe,3
2022-10-10,Eureka,1,Clayton,3
2022-10-10,Camdenton,5,Clinton,1
2022-10-10,St. Pius X (Festus),1,DeSoto,2
2022-10-10,Crocker,1,Dixon,7
2022-10-10,Sikeston,0,Farmington,2
2022-10-10,Mexico,0,Fulton,8
2022-10-10,Blue Springs South,1,Grain Valley,2
2022-10-10,Ruskin,1,Grandview,3
2022-10-10,Winfield,9,Hazelwood East,1
2022-10-10,Jefferson City,2,Helias Catholic,1
2022-10-10,Raytown South,0,Kearney,8
2022-10-10,Fatima,2,Laquey,5
2022-10-10,North Point,0,Liberty (Wentzville),7
2022-10-10,Perryville,0,Lindbergh,4
2022-10-10,MICDS,8,Lutheran North,0
2022-10-10,Duchesne,1,Lutheran St. Charles,5
2022-10-10,STEAM Academy,3,Maplewood-Richmond Hts.,1
2022-10-10,Green Ridge,2,Marshall,7
2022-10-10,Gateway Science Charter,7,McCluer North,0
2022-10-10,Gateway,5,McKinley Classical Leadership,0
2022-10-10,Greenwood,3,Monett,2
2022-10-10,Marshfield,2,New Covenant Academy,1
2022-10-10,Seckman,4,North County,1
2022-10-10,North Kansas City,1,Oak Park,2
2022-10-10,Webb City,0,Pacific,8
2022-10-10,Westminster Christian Academy,3,Parkway North,1
2022-10-10,Hazelwood West,1,Pattonville,7
2022-10-10,William Chrisman,4,Raytown,3
2022-10-10,Center,2,Savannah,1
2022-10-10,Willard,0,Smithton,5
2022-10-10,Joplin,3,Springfield Catholic,2
2022-10-10,Francis Howell Central,2,St. Dominic,4
2022-10-10,Summit Christian Academy,2,St. Michael the Archangel,4
2022-10-10,Festus,5,St. Paul Lutheran (Farmington),1
2022-10-10,Guadalupe Centers Charter,2,St. Pius X (Kansas City),0
2022-10-10,Fort Osage,2,St. Charles,0
2022-10-10,Vianney,1,Webster Groves,0
2022-10-10,Smithville,8,Winnetonka,0
2022-10-10,Warrenton,3,Wright City,2
2022-10-11,Pattonville,1,Affton,0
2022-10-11,Monett,7,Aurora,1
2022-10-11,Hancock,0,Bayless,7
2022-10-11,Cameron,1,Bishop LeBlond,7
2022-10-11,St. Paul Lutheran (Concordia),0,Boonville,1
2022-10-11,Webb City,1,Branson,0
2022-10-11,Maplewood-Richmond Hts.,0,Brentwood,5
2022-10-11,Joplin,8,Carl Junction,0
2022-10-11,Pleasant Hill,1,Center,2
2022-10-11,Camdenton,1,Central (Springfield),2
2022-10-11,Lafayette (St. Joseph),2,Chillicothe,8
2022-10-11,Warrensburg,5,Clinton,2
2022-10-11,Northeast (Kansas City),0,East (Kansas City),3
2022-10-11,Northwest (Cedar Hill),5,Eureka,2
2022-10-11,Parkway North,0,Fox,4
2022-10-11,Francis Howell North,0,Francis Howell,1
2022-10-11,Ft. Zumwalt West,0,Francis Howell Central,1
2022-10-11,Webb City,3,Fredericktown,9
2022-10-11,Ft. Zumwalt North,2,Ft. Zumwalt East,4
2022-10-11,Bolivar,0,Glendale,8
2022-10-11,Oak Grove,1,Harrisonville,2
2022-10-11,Windsor (Imperial),0,Hillsboro,2
2022-10-11,Rockwood Summit,2,John Burroughs,1
2022-10-11,Lutheran North,2,John Burroughs,5
2022-10-11,Lutheran (Kansas City),4,Knob Noster,0
2022-10-11,Willard,3,La Monte,2
2022-10-11,Chaminade College Prep,4,Ladue Horton Watkins,0
2022-10-11,Westminster Christian Academy,1,Lafayette (Wildwood),0
2022-10-11,Osage,1,Laquey,2
2022-10-11,Lee's Summit,3,Lee's Summit North,0
2022-10-11,Park Hill South,1,Liberty,2
2022-10-11,Holt,3,Liberty (Wentzville),2
2022-10-11,Blue Springs,1,Liberty North,3
2022-10-11,Van Horn,0,Lincoln College Prep,5
2022-10-11,Fair Grove,0,Logan-Rogersville,6
2022-10-11,Principia,3,Lutheran South,1
2022-10-11,University City,7,McCluer North,1
2022-10-11,Marshfield,1,McDonald County,3
2022-10-11,Kirksville,1,Mexico,0
2022-10-11,Priory,5,MICDS,1
2022-10-11,Hannibal,5,Moberly,2
2022-10-11,Willard,0,Nixa,5
2022-10-11,Winfield,2,North Point,4
2022-10-11,Central (Cape Girardeau),1,Notre Dame (Cape Girardeau),2
2022-10-11,Jackson,1,Oakville,2
2022-10-11,St. Charles,0,Orchard Farm,1
2022-10-11,Carthage,1,Ozark,3
2022-10-11,Staley,2,Park Hill,4
2022-10-11,Parkway South,2,Parkway Central,1
2022-10-11,St. Charles,1,Raymore-Peculiar,5
2022-10-11,Neosho,1,Republic,3
2022-10-11,Lebanon,0,Rolla,7
2022-10-11,Ritenour,0,Seckman,1
2022-10-11,Festus,2,Sikeston,4
2022-10-11,Christian Brothers College,1,SLUH,2
2022-10-11,Lone Jack,2,Smithton,4
2022-10-11,Cassville,1,Springfield Catholic,4
2022-10-11,Warrenton,1,St. Charles West,3
2022-10-11,St. Dominic,6,Webster Groves,0
2022-10-11,St. Pius X (Kansas City),1,St. Michael the Archangel,4
2022-10-11,Hazelwood Central,1,STEAM Academy,3
2022-10-11,Troy Buchanan,0,Timberland,2
2022-10-11,Wright City,2,Union,4
2022-10-11,Crossroads College Preparatory,0,Valley Park,6
2022-10-11,Cardinal Ritter,0,Veritas Christian Academy,5
2022-10-11,Ft. Zumwalt South,6,Washington,0
2022-10-11,Kickapoo,3,Waynesville,0
2022-10-11,Hillcrest,2,West Plains,3
2022-10-12,Metro,1,Bayless,4
2022-10-12,Winnetonka,0,Belton,6
2022-10-12,Cameron,2,Benton,5
2022-10-12,Windsor (Imperial),0,Bishop DuBourg,2
2022-10-12,Ft. Zumwalt North,3,Duchesne,2
2022-10-12,North Point,8,Elsberry,0
2022-10-12,North Kansas City,0,Excelsior Springs,5
2022-10-12,Perryville,0,Farmington,1
2022-10-12,Seckman,8,Festus,0
2022-10-12,Raytown,5,Fort Osage,0
2022-10-12,Smithville,0,Grain Valley,1
2022-10-12,STEAM Academy,3,Hazelwood East,2
2022-10-12,Rolla,2,Helias Catholic,1
2022-10-12,Oak Park,2,Kearney,1
2022-10-12,Hancock,2,Lutheran North,3
2022-10-12,Rockwood Summit,4,Marquette,3
2022-10-12,Brentwood,8,McCluer North,0
2022-10-12,DeSoto,6,North County,1
2022-10-12,Lincoln College Prep,1,Paseo Academy,0
2022-10-12,Central (St. Joseph),0,Platte County,7
2022-10-12,Lafayette (St. Joseph),1,Savannah,2
2022-10-12,William Chrisman,3,St. Charles,0
2022-10-12,Notre Dame (Cape Girardeau),0,Whitfield,2
2022-10-13,Parkway North,1,Affton,5
2022-10-13,Webb City,8,Aurora,0
2022-10-13,Chillicothe,5,Benton,1
2022-10-13,Veritas Christian Academy,0,Bishop DuBourg,3
2022-10-13,Lee's Summit West,0,Blue Springs,2
2022-10-13,Liberty North,1,Blue Springs South,2
2022-10-13,Republic,0,Bolivar,1
2022-10-13,Moberly,0,Boonville,2
2022-10-13,Missouri Military Academy,0,Camdenton,3
2022-10-13,Monett,3,Cassville,2
2022-10-13,Branson,2,Central (Springfield),1
2022-10-13,Knob Noster,2,Clinton,4
2022-10-13,Cardinal Ritter,1,Duchesne,5
2022-10-13,Paseo Academy,0,East (Kansas City),8
2022-10-13,Francis Howell,0,Francis Howell Central,1
2022-10-13,St. Charles West,1,Francis Howell North,7
2022-10-13,Timberland,1,Ft. Zumwalt West,0
2022-10-13,Fort Osage,3,Harrisonville,1
2022-10-13,McCluer North,0,Hazelwood Central,5
2022-10-13,SLUH,8,Helias Catholic,0
2022-10-13,De Smet Jesuit,7,Hickman,0
2022-10-13,Marshfield,1,Hillcrest,0
2022-10-13,North County,1,Hillsboro,2
2022-10-13,Ft. Zumwalt East,1,Holt,0
2022-10-13,Canton,1,Kirksville,7
2022-10-13,Bishop LeBlond,5,Lafayette (St. Joseph),1
2022-10-13,Kirkwood,0,Lafayette (Wildwood),1
2022-10-13,Crocker,2,Lebanon,5
2022-10-13,Park Hill,2,Lee's Summit,1
2022-10-13,Staley,1,Liberty,0
2022-10-13,Northeast (Kansas City),0,Lincoln College Prep,3
2022-10-13,Webster Groves,2,Lindbergh,1
2022-10-13,Pleasant Hill,1,Lone Jack,2
2022-10-13,Principia,0,Lutheran St. Charles,1
2022-10-13,Warrensburg,0,Marshall,2
2022-10-13,St. Pius X (Kansas City),0,Maryville,7
2022-10-13,Parkway South,0,Mehlville,2
2022-10-13,Maplewood-Richmond Hts.,0,Metro,3
2022-10-13,Hannibal,8,Mexico,0
2022-10-13,Greenwood,0,New Covenant Academy,2
2022-10-13,Clayton,3,Northwest (Cedar Hill),2
2022-10-13,Cameron,1,Odessa,9
2022-10-13,Waynesville,2,Osage,1
2022-10-13,St. Francis Borgia,4,Pacific,1
2022-10-13,Lee's Summit North,1,Park Hill South,2
2022-10-13,Ozark,9,Parkview,1
2022-10-13,Oakville,1,Parkway West,3
2022-10-13,Platte County,3,Pembroke Hill,2
2022-10-13,Lutheran South,0,Priory,4
2022-10-13,Pattonville,1,Ritenour,0
2022-10-13,Cole Camp,0,Sacred Heart,8
2022-10-13,Fulton,1,Southern Boone,2
2022-10-13,Warrenton,0,St. Charles,2
2022-10-13,Ft. Zumwalt South,1,St. Dominic,2
2022-10-13,Gateway,0,Webster Groves,8
2022-10-13,Oak Grove,4,St. Paul Lutheran (Concordia),0
2022-10-13,Windsor (Imperial),1,Webb City,0
2022-10-13,Barstow,3,Summit Christian Academy,4
2022-10-13,Ft. Zumwalt North,2,Troy Buchanan,0
2022-10-13,Hazelwood East,0,University City,5
2022-10-13,Liberty (Wentzville),8,Washington,0
2022-10-13,Logan-Rogersville,1,West Plains,0
2022-10-13,Parkway Central,0,Westminster Christian Academy,2
2022-10-13,Raymore-Peculiar,4,William Chrisman,0
2022-10-13,Union,3,Winfield,4
2022-10-14,Raytown,0,Belton,3
2022-10-14,Vianney,5,Carthage,1
2022-10-14,Rockhurst,1,Chaminade College Prep,2
2022-10-14,Pattonville,0,Clayton,3
2022-10-14,Fatima,7,Cole Camp,0
2022-10-14,John Burroughs,2,De Smet Jesuit,4
2022-10-14,Smithton,4,Fair Grove,0
2022-10-14,Pembroke Hill,6,Glendale,5
2022-10-14,Willard,2,Green Ridge,1
2022-10-14,Nixa,1,Jefferson City,0
2022-10-14,Laquey,8,La Monte,0
2022-10-14,Parkway West,1,Lafayette (Wildwood),2
2022-10-14,Crocker,2,Lebanon,5
2022-10-14,Ft. Zumwalt West,0,Orchard Farm,2
2022-10-14,Capital City,0,Ozark,1
2022-10-14,Parkway North,1,Parkway Central,4
2022-10-14,Eureka,3,Rolla,0
2022-10-14,Greenwood,0,Sacred Heart,1
2022-10-14,MICDS,0,Whitfield,5
2022-10-15,Barstow,5,Aurora,0
2022-10-15,Marshfield,1,Aurora,3
2022-10-15,Eureka,6,Central (Springfield),0
2022-10-15,Fair Grove,1,Cole Camp,2
2022-10-15,Green Ridge,4,Cole Camp,0
2022-10-15,La Monte,1,Fair Grove,3
2022-10-15,Fulton,2,Father Tolton,6
2022-10-15,Smithton,3,Fatima,0
2022-10-15,Willard,1,Fatima,2
2022-10-15,La Monte,0,Green Ridge,3
2022-10-15,Rockhurst,2,Jefferson City,0
2022-10-15,Marquette,1,Kickapoo,4
2022-10-15,Nixa,2,Marquette,3
2022-10-15,Lindbergh,2,Northwest (Cedar Hill),1
2022-10-15,Priory,3,Notre Dame (Cape Girardeau),1
2022-10-15,Laquey,0,Smithton,1
2022-10-15,Vianney,4,Springfield Catholic,2
2022-10-15,SLUH,2,St. Dominic,1
2022-10-15,Laquey,5,Willard,0
2022-10-15,Greenwood,1,Warrensburg,2
2022-10-15,Dixon,2,West Plains,6
2022-10-17,Ritenour,3,Brentwood,2
2022-10-17,Elsberry,0,Canton,4
2022-10-17,STEAM Academy,5,Cardinal Ritter,1
2022-10-17,Oak Park,1,Central (St. Joseph),0
2022-10-17,Hannibal,4,Chillicothe,0
2022-10-17,Lebanon,2,Fair Grove,0
2022-10-17,North Point,1,Ft. Zumwalt North,5
2022-10-17,Jefferson City,0,Ft. Zumwalt South,6
2022-10-17,Republic,2,Glendale,3
2022-10-17,Metro,7,Hancock,0
2022-10-17,Gateway Science Charter,8,Hazelwood East,0
2022-10-17,Sacred Heart,1,Helias Catholic,6
2022-10-17,Grandview,3,Kearney,2
2022-10-17,Green Ridge,5,La Monte,1
2022-10-17,Knob Noster,0,Lone Jack,4
2022-10-17,Valley Park,0,Lutheran South,3
2022-10-17,Orchard Farm,7,Maplewood-Richmond Hts.,0
2022-10-17,St. Paul Lutheran (Concordia),0,Marshall,7
2022-10-17,Mexico,3,Moberly,2
2022-10-17,Festus,1,North County,3
2022-10-17,Fort Osage,3,North Kansas City,1
2022-10-17,Parkway North,1,Northwest (Cedar Hill),5
2022-10-17,Harrisonville,1,Odessa,2
2022-10-17,Cassville,2,Parkview,1
2022-10-17,Affton,2,Pattonville,1
2022-10-17,Fredericktown,0,Perryville,8
2022-10-17,Jackson,4,Poplar Bluff,1
2022-10-17,Belton,5,Raytown,3
2022-10-17,Excelsior Springs,2,Raytown South,3
2022-10-17,Winnetonka,1,Ruskin,9
2022-10-17,Maryville,1,Savannah,2
2022-10-17,Notre Dame (Cape Girardeau),8,Sikeston,0
2022-10-17,Father Tolton,5,Southern Boone,1
2022-10-17,Duchesne,0,St. Charles West,1
2022-10-17,Iberia,1,Willard,5
2022-10-17,Fox,5,Webb City,0
2022-10-17,St. Charles,5,Warrenton,3
2022-10-17,Grain Valley,3,William Chrisman,1
2022-10-17,Seckman,3,Windsor (Imperial),1
2022-10-18,Seckman,0,Affton,3
2022-10-18,Van Horn,3,Barstow,0
2022-10-18,Lebanon,1,Bolivar,6
2022-10-18,Lutheran North,1,Brentwood,8
2022-10-18,Kickapoo,8,Camdenton,0
2022-10-18,Savannah,0,Capital City,5
2022-10-18,Branson,1,Carthage,8
2022-10-18,New Covenant Academy,2,Cassville,1
2022-10-18,Hillcrest,2,Central (Springfield),5
2022-10-18,Kirkwood,0,Chaminade College Prep,2
2022-10-18,Webster Groves,1,Clayton,2
2022-10-18,Willard,2,Cole Camp,1
2022-10-18,Marshfield,3,Crocker,0
2022-10-18,St. Dominic,2,De Smet Jesuit,4
2022-10-18,St. Francis Borgia,0,Eureka,1
2022-10-18,Moberly,3,Fatima,0
2022-10-18,Ritenour,1,Fox,4
2022-10-18,Liberty (Wentzville),2,Ft. Zumwalt East,1
2022-10-18,Francis Howell North,2,Ft. Zumwalt West,0
2022-10-18,Aurora,2,Greenwood,1
2022-10-18,Soldan International Studies,4,Hancock,2
2022-10-18,Fulton,1,Hannibal,8
2022-10-18,McCluer North,2,Hazelwood East,5
2022-10-18,University City,1,Hazelwood West,2
2022-10-18,Festus,1,Hillsboro,3
2022-10-18,Ft. Zumwalt South,2,Holt,0
2022-10-18,Ozark,4,Joplin,3
2022-10-18,Chillicothe,3,Kirksville,2
2022-10-18,Sacred Heart,8,La Monte,0
2022-10-18,Westminster Christian Academy,2,Ladue Horton Watkins,1
2022-10-18,Monett,1,Laquey,2
2022-10-18,Park Hill South,0,Lee's Summit,1
2022-10-18,Lee's Summit West,1,Liberty North,4
2022-10-18,East (Kansas City),5,Lincoln College Prep,2
2022-10-18,Lafayette (Wildwood),2,Marquette,1
2022-10-18,Logan-Rogersville,2,McDonald County,0
2022-10-18,Farmington,0,Mehlville,1
2022-10-18,Wright City,2,Mexico,4
2022-10-18,Boonville,0,Missouri Military Academy,2
2022-10-18,Carl Junction,0,Neosho,5
2022-10-18,St. Charles West,0,North Point,4
2022-10-18,Clinton,1,Oak Grove,7
2022-10-18,Helias Catholic,0,Osage,3
2022-10-18,Lutheran South,2,Pacific,3
2022-10-18,Liberty,1,Park Hill,2
2022-10-18,West Plains,3,Parkview,1
2022-10-18,Whitfield,3,Parkway Central,1
2022-10-18,Pattonville,2,Parkway North,1
2022-10-18,Rockwood Summit,5,Parkway West,1
2022-10-18,John Burroughs,3,Principia,2
2022-10-18,Blue Springs,3,Raymore-Peculiar,2
2022-10-18,Bishop LeBlond,6,Savannah,0
2022-10-18,Green Ridge,0,Smithton,4
2022-10-18,Platte County,3,Smithville,2
2022-10-18,Bayless,3,St. Pius X (Festus),4
2022-10-18,Lafayette (St. Joseph),0,St. Pius X (Kansas City),8
2022-10-18,Lee's Summit North,1,Staley,2
2022-10-18,Jennings,0,STEAM Academy,8
2022-10-18,Southern Boone,2,Summit Christian Academy,3
2022-10-18,Francis Howell Central,1,Timberland,2
2022-10-18,Francis Howell,1,Troy Buchanan,0
2022-10-18,Webb City,0,Union,2
2022-10-18,Oakville,3,Vianney,4
2022-10-18,Center,1,Warrensburg,3
2022-10-18,Ft. Zumwalt North,4,Washington,0
2022-10-18,Rolla,3,Waynesville,5
2022-10-18,Nixa,3,Webb City,0
2022-10-18,Republic,0,Willard,4
2022-10-18,St. Paul Lutheran (Farmington),0,Windsor (Imperial),8
2022-10-18,Orchard Farm,4,Winfield,0
2022-10-19,Benton,5,Cameron,6
2022-10-19,Marshfield,3,Crocker,0
2022-10-19,Pacific,0,DeSoto,1
2022-10-19,St. Dominic,6,Duchesne,0
2022-10-19,Festus,4,Elsberry,2
2022-10-19,Central (Cape Girardeau),8,Fredericktown,0
2022-10-19,Winnetonka,0,Grandview,6
2022-10-19,Helias Catholic,2,Hickman,5
2022-10-19,Notre Dame (Cape Girardeau),3,Jackson,2
2022-10-19,Fort Osage,2,Kearney,3
2022-10-19,Crossroads College Preparatory,0,Metro,4
2022-10-19,Gateway Science Charter,4,North County,1
2022-10-19,Central (St. Joseph),1,North Kansas City,0
2022-10-19,St. Charles,0,Oak Park,1
2022-10-19,St. Paul Lutheran (Concordia),1,Odessa,3
2022-10-19,Springfield Catholic,0,Ozark,3
2022-10-19,St. Charles,2,Parkway South,1
2022-10-19,Windsor (Imperial),0,Perryville,3
2022-10-19,Grain Valley,0,Platte County,2
2022-10-19,Raytown,4,Raytown South,1
2022-10-19,Bolivar,0,Rolla,1
2022-10-19,Smithville,5,Ruskin,0
2022-10-19,MICDS,3,Soldan International Studies,2
2022-10-19,Van Horn,1,St. Michael the Archangel,2
2022-10-19,Belton,2,William Chrisman,1
2022-10-20,Carl Junction,6,Aurora,1
2022-10-20,St. Michael the Archangel,2,Barstow,0
2022-10-20,St. Pius X (Kansas City),3,Benton,1
2022-10-20,Webster Groves,0,Bishop DuBourg,2
2022-10-20,Savannah,3,Boonville,1
2022-10-20,Duchesne,6,Cardinal Ritter,0
2022-10-20,Springfield Catholic,3,Carthage,6
2022-10-20,Greenwood,0,Cassville,2
2022-10-20,St. Paul Lutheran (Concordia),0,Center,8
2022-10-20,Perryville,1,Central (Cape Girardeau),3
2022-10-20,Calvary Lutheran,0,Cole Camp,8
2022-10-20,SLUH,0,De Smet Jesuit,1
2022-10-20,Marshall,1,Father Tolton,2
2022-10-20,Affton,0,Fox,1
2022-10-20,Francis Howell,0,Francis Howell North,1
2022-10-20,DeSoto,4,Fredericktown,0
2022-10-20,Liberty (Wentzville),4,Ft. Zumwalt North,1
2022-10-20,Troy Buchanan,0,Ft. Zumwalt West,1
2022-10-20,Central (Springfield),0,Glendale,2
2022-10-20,Warrenton,0,Hannibal,7
2022-10-20,Pleasant Hill,0,Harrisonville,1
2022-10-20,Hazelwood East,1,Hazelwood Central,4
2022-10-20,Camdenton,0,Hillcrest,1
2022-10-20,Bolivar,0,Kickapoo,7
2022-10-20,Eureka,1,Kirkwood,0
2022-10-20,Cameron,0,Knob Noster,5
2022-10-20,Lone Jack,8,La Monte,0
2022-10-20,Southern Boone,1,Laquey,2
2022-10-20,Park Hill,2,Lee's Summit North,0
2022-10-20,Blue Springs South,0,Lee's Summit West,1
2022-10-20,Lee's Summit,1,Liberty,0
2022-10-20,Raymore-Peculiar,1,Liberty North,3
2022-10-20,Republic,2,Logan-Rogersville,1
2022-10-20,Metro,6,Lutheran North,0
2022-10-20,St. Pius X (Festus),0,Lutheran South,3
2022-10-20,Lindbergh,2,Marquette,1
2022-10-20,Lafayette (St. Joseph),0,Maryville,8
2022-10-20,Hazelwood West,7,McCluer North,0
2022-10-20,Joplin,3,McDonald County,0
2022-10-20,Fulton,4,Moberly,0
2022-10-20,Branson,3,Monett,0
2022-10-20,Willard,4,New Covenant Academy,3
2022-10-20,William Chrisman,3,Oak Grove,2
2022-10-20,Clayton,1,Oakville,2
2022-10-20,Fatima,0,Osage,8
2022-10-20,Union,0,Pacific,1
2022-10-20,Mehlville,2,Parkway Central,1
2022-10-20,Parkway West,3,Parkway South,1
2022-10-20,Northeast (Kansas City),6,Paseo Academy,0
2022-10-20,Seckman,0,Pattonville,1
2022-10-20,East (Kansas City),8,Pembroke Hill,1
2022-10-20,Chaminade College Prep,3,Priory,0
2022-10-20,Parkway North,0,Ritenour,1
2022-10-20,Lafayette (Wildwood),0,Rockwood Summit,3
2022-10-20,Hillsboro,1,Sikeston,0
2022-10-20,Ft. Zumwalt East,8,St. Charles West,0
2022-10-20,Poplar Bluff,8,St. Paul Lutheran (Farmington),0
2022-10-20,Park Hill South,1,Staley,0
2022-10-20,University City,1,STEAM Academy,1
2022-10-20,Van Horn,0,Summit Christian Academy,2
2022-10-20,Westminster Christian Academy,0,Timberland,1
2022-10-20,Christian Brothers College,3,Vianney,0
2022-10-20,Holt,3,Washington,1
2022-10-20,Parkview,2,Waynesville,9
2022-10-20,Ladue Horton Watkins,1,Webster Groves,1
2022-10-20,Lebanon,0,West Plains,3
2022-10-20,Principia,0,Whitfield,4
2022-10-21,Capital City,2,Branson,1
2022-10-21,New Covenant Academy,6,Fair Grove,1
2022-10-21,Francis Howell Central,2,Ft. Zumwalt South,3
2022-10-21,Lincoln College Prep,0,Hickman,2
2022-10-21,North Point,0,Holt,3
2022-10-21,Farmington,1,Jackson,0
2022-10-21,Rockwood Summit,1,Lindbergh,0
2022-10-21,Northwest (Cedar Hill),5,Poplar Bluff,1
2022-10-21,Bishop DuBourg,0,Principia,1
2022-10-21,Iberia,0,Smithton,8
2022-10-21,St. Dominic,1,St. Francis Borgia,0
2022-10-21,Webb City,0,Valley Park,5
2022-10-21,Veritas Christian Academy,3,Warrenton,2
2022-10-21,University City,1,Winfield,2
2022-10-21,St. Charles,2,Wright City,0
2022-10-22,Timberland,1,Christian Brothers College,3
2022-10-22,Kirksville,2,Fulton,1
2022-10-22,Hillcrest,1,Greenwood,2
2022-10-22,Lincoln College Prep,3,Jefferson City,0
2022-10-22,Kirkwood,0,John Burroughs,1
2022-10-22,Hannibal,1,Marshall,0
2022-10-22,Chillicothe,0,Mexico,6
2022-10-22,SLUH,3,MICDS,2
2022-10-22,Father Tolton,4,Moberly,0
2022-10-22,Capital City,2,Nixa,0
2022-10-22,Carthage,1,Rockhurst,2
2022-10-22,Webster Groves,0,Vianney,1
2022-10-22,Troy Buchanan,4,Washington,0
2022-10-24,St. Francis Borgia,4,Bishop DuBourg,2
2022-10-24,Iberia,4,Calvary Lutheran,2
2022-10-24,Lafayette (St. Joseph),1,Cameron,2
2022-10-24,Father Tolton,1,Canton,0
2022-10-24,St. Charles,5,Central (St. Joseph),6
2022-10-24,Willard,1,Crocker,4
2022-10-24,New Covenant Academy,2,Dixon,1
2022-10-24,Parkway South,3,Duchesne,2
2022-10-24,Ruskin,0,Excelsior Springs,4
2022-10-24,Lindbergh,8,Farmington,0
2022-10-24,Union,3,Fatima,2
2022-10-24,Oak Park,1,Fort Osage,0
2022-10-24,Holt,4,Francis Howell,0
2022-10-24,Marquette,2,Francis Howell Central,1
2022-10-24,Raytown,0,Grain Valley,4
2022-10-24,Ritenour,1,Hazelwood West,0
2022-10-24,Parkview,0,Joplin,8
2022-10-24,MICDS,2,Kirkwood,3
2022-10-24,Ft. Zumwalt West,1,Lafayette (Wildwood),0
2022-10-24,Ft. Zumwalt South,1,Liberty (Wentzville),3
2022-10-24,Hillsboro,1,Lutheran South,4
2022-10-24,Webster Groves,0,Lutheran St. Charles,2
2022-10-24,Lebanon,1,Marshfield,5
2022-10-24,Kearney,4,North Kansas City,2
2022-10-24,Windsor (Imperial),2,Pacific,3
2022-10-24,Affton,0,Parkway North,2
2022-10-24,William Chrisman,1,Platte County,3
2022-10-24,Fox,1,Seckman,0
2022-10-24,Fredericktown,1,Sikeston,4
2022-10-24,Grandview,2,Smithville,4
2022-10-24,Chaminade College Prep,1,St. Dominic,5
2022-10-24,Winfield,8,St. Paul Lutheran (Farmington),1
2022-10-24,Cardinal Ritter,0,STEAM Academy,7
2022-10-24,Wright City,0,Veritas Christian Academy,2
2022-10-24,St. Charles West,0,Westminster Christian Academy,6
2022-10-24,Raytown South,10,Winnetonka,2
2022-10-25,McDonald County,2,Aurora,4
2022-10-25,Summit Christian Academy,0,Barstow,5
2022-10-25,Blue Springs,0,Blue Springs South,1
2022-10-25,Joplin,4,Branson,1
2022-10-25,Willard,4,Carl Junction,3
2022-10-25,Harrisonville,4,Center,0
2022-10-25,Parkway North,0,Eureka,7
2022-10-25,St. Charles West,0,Ft. Zumwalt North,8
2022-10-25,Ft. Zumwalt South,1,Ft. Zumwalt West,0
2022-10-25,Logan-Rogersville,3,Greenwood,0
2022-10-25,Lutheran North,4,Hazelwood Central,2
2022-10-25,Glendale,5,Hillcrest,0
2022-10-25,Central (Springfield),0,Kickapoo,4
2022-10-25,Marshall,3,Kirksville,1
2022-10-25,Green Ridge,1,Knob Noster,4
2022-10-25,Camdenton,7,Lebanon,1
2022-10-25,Liberty,4,Lee's Summit North,3
2022-10-25,Washington,0,Liberty (Wentzville),8
2022-10-25,Staley,0,Liberty North,2
2022-10-25,Carthage,5,Nixa,4
2022-10-25,Windsor (Imperial),2,North County,1
2022-10-25,Duchesne,1,North Point,6
2022-10-25,East (Kansas City),3,Northeast (Kansas City),0
2022-10-25,Fulton,1,Osage,6
2022-10-25,Neosho,1,Ozark,3
2022-10-25,Park Hill South,1,Park Hill,0
2022-10-25,Ladue Horton Watkins,5,Parkway Central,1
2022-10-25,Parkway West,2,Pattonville,2
2022-10-25,Odessa,3,Pleasant Hill,1
2022-10-25,Priory,5,Principia,0
2022-10-25,Lee's Summit West,1,Raymore-Peculiar,0
2022-10-25,Webb City,1,Republic,2
2022-10-25,Capital City,0,Rock Bridge,2
2022-10-25,West Plains,0,Rolla,3
2022-10-25,DeSoto,0,Seckman,3
2022-10-25,Moberly,0,Savannah,8
2022-10-25,Troy Buchanan,3,St. Charles,0
2022-10-25,Oakville,1,Webster Groves,0
2022-10-25,Clinton,3,St. Paul Lutheran (Concordia),0
2022-10-25,Holt,2,Timberland,0
2022-10-25,Warrenton,0,Union,4
2022-10-25,St. Michael the Archangel,0,Van Horn,2
2022-10-25,Oak Grove,2,Warrensburg,0
2022-10-25,Jefferson City,1,Waynesville,5
2022-10-26,Ritenour,0,Affton,2
2022-10-26,Maryville,1,Benton,7
2022-10-26,Windsor (Imperial),0,Brentwood,8
2022-10-26,Winnetonka,0,Cameron,2
2022-10-26,Parkway Central,0,Clayton,3
2022-10-26,Gateway Science Charter,5,Crossroads College Preparatory,0
2022-10-26,Veritas Christian Academy,6,Elsberry,1
2022-10-26,Poplar Bluff,1,Farmington,5
2022-10-26,Valley Park,4,Fredericktown,2
2022-10-26,St. Charles,0,Ft. Zumwalt North,7
2022-10-26,Belton,1,Grain Valley,3
2022-10-26,Fox,4,Hillsboro,1
2022-10-26,Cardinal Ritter,8,Jennings,0
2022-10-26,St. Dominic,2,John Burroughs,1
2022-10-26,Smithville,1,Kearney,2
2022-10-26,Republic,0,Kickapoo,6
2022-10-26,Father Tolton,2,Lutheran St. Charles,6
2022-10-26,Knob Noster,0,Oak Grove,4
2022-10-26,Excelsior Springs,0,Oak Park,3
2022-10-26,Bishop DuBourg,1,Pattonville,2
2022-10-26,Platte County,5,Raytown,0
2022-10-26,Grandview,2,Raytown South,1
2022-10-26,Northwest (Cedar Hill),2,Rockwood Summit,4
2022-10-26,West Plains,0,Rolla,3
2022-10-26,Chillicothe,1,Savannah,0
2022-10-26,Sikeston,3,St. Pius X (Festus),2
2022-10-26,North Kansas City,2,St. Charles,1
2022-10-26,Warrenton,0,Union,4
2022-10-26,North Point,6,Wright City,1
2022-10-27,Platte County,2,Belton,0
2022-10-27,Metro,1,Bishop DuBourg,0
2022-10-27,Liberty North,3,Blue Springs,1
2022-10-27,Parkview,1,Bolivar,2
2022-10-27,Waynesville,1,Capital City,3
2022-10-27,Monett,2,Carl Junction,1
2022-10-27,St. Michael the Archangel,3,Center,2
2022-10-27,Parkway South,0,De Smet Jesuit,8
2022-10-27,Central (Cape Girardeau),2,DeSoto,1
2022-10-27,Canton,0,Fulton,5
2022-10-27,Lutheran North,7,Hazelwood East,1
2022-10-27,Mexico,1,Helias Catholic,8
2022-10-27,Republic,0,Kickapoo,6
2022-10-27,Whitfield,1,Ladue Horton Watkins,2
2022-10-27,Lee's Summit North,1,Lee's Summit,3
2022-10-27,Central (Springfield),1,Logan-Rogersville,2
2022-10-27,Odessa,0,Lutheran (Kansas City),3
2022-10-27,Sacred Heart,1,Marshall,4
2022-10-27,Dixon,1,Marshfield,6
2022-10-27,Boonville,0,Moberly,3
2022-10-27,Knob Noster,5,Oak Grove,0
2022-10-27,Kirkwood,2,Oakville,1
2022-10-27,Lutheran St. Charles,0,Orchard Farm,1
2022-10-27,Liberty,0,Park Hill South,4
2022-10-27,Ft. Zumwalt East,4,Parkway North,0
2022-10-27,Blue Springs South,2,Raymore-Peculiar,1
2022-10-27,Ozark,2,Savannah,0
2022-10-27,Northwest (Cedar Hill),1,St. Francis Borgia,4
2022-10-27,Green Ridge,3,St. Paul Lutheran (Concordia),2
2022-10-27,Lutheran South,2,Veritas Christian Academy,0
2022-10-27,Pacific,0,Washington,1
2022-10-27,McDonald County,0,Webb City,1
2022-10-27,Festus,1,Wright City,6
2022-10-28,Gateway Science Charter,5,Crossroads College Preparatory,0
2022-10-28,Elsberry,0,Winfield,5
2022-10-29,St. Pius X (Festus),0,Bayless,1
2022-10-29,Perryville,7,Fredericktown,0
2022-10-29,University City,2,Webb City,0
2022-10-29,Principia,4,Gateway,0
2022-10-29,Soldan International Studies,9,Roosevelt,0
2022-10-29,St. Charles West,2,Veritas Christian Academy,1
2022-10-29,Orchard Farm,1,Jennings,0
2022-10-29,St. Charles,8,Lutheran North,0
2022-10-29,Helias Catholic,6,Kirksville,1
2022-10-29,Southern Boone,6,Moberly,1
2022-10-29,Wright City,2,Mexico,3
2022-10-29,Cassville,1,Greenwood,0
2022-10-29,Osage,9,Aurora,1
2022-10-29,Monett,2,Marshfield,1
2022-10-29,Chillicothe,5,Savannah,0
2022-10-29,Bishop LeBlond,5,Lafayette (St. Joseph),1
2022-10-29,St. Pius X (Kansas City),8,Benton,0
2022-10-29,Notre Dame (Cape Girardeau),8,Festus,0
2022-10-29,Hillsboro,0,DeSoto,1
2022-10-29,Central (Cape Girardeau),4,Poplar Bluff,0
2022-10-29,Farmington,3,Sikeston,0
2022-10-29,Webster Groves,8,Windsor (Imperial),0
2022-10-29,Lutheran South,4,Pacific,3
2022-10-29,Rockwood Summit,4,Washington,0
2022-10-29,Parkway West,4,Union,0
2022-10-29,Parkway Central,0,MICDS,1
2022-10-29,Ladue Horton Watkins,9,Hazelwood East,0
2022-10-29,Clayton,4,Parkway North,0
2022-10-29,Ft. Zumwalt East,10,McCluer North,0
2022-10-29,Holt,3,Lutheran St. Charles,0
2022-10-29,Ft. Zumwalt South,8,Warrenton,0
2022-10-29,Hannibal,2,North Point,0
2022-10-29,Glendale,8,Parkview,0
2022-10-29,Camdenton,4,Branson,1
2022-10-29,Springfield Catholic,5,Hillcrest,0
2022-10-29,Rolla,2,West Plains,0
2022-10-29,Webb City,6,Ruskin,0
2022-10-29,Bolivar,1,Grandview,2
2022-10-29,Willard,2,Carl Junction,1
2022-10-29,Belton,2,McDonald County,0
2022-10-29,St. Michael the Archangel,6,Warrensburg,2
2022-10-29,Van Horn,2,Capital City,1
2022-10-29,Jefferson City,1,William Chrisman,0
2022-10-29,Grain Valley,1,Raytown South,2
2022-10-29,East (Kansas City),8,Winnetonka,0
2022-10-29,Smithville,2,Kearney,3
2022-10-29,Platte County,4,Guadalupe Centers Charter,2
2022-10-29,Lincoln College Prep,2,Pembroke Hill,3
2022-10-29,Lindbergh,7,Fox,1
2022-10-29,Oakville,2,Mehlville,0
2022-10-29,Northwest (Cedar Hill),0,Jackson,1
2022-10-29,Vianney,1,Seckman,0
2022-10-29,De Smet Jesuit,1,Parkway South,0
2022-10-29,Marquette,0,Eureka,1
2022-10-29,Christian Brothers College,3,Priory,2
2022-10-29,Lafayette (Wildwood),0,Kirkwood,4
2022-10-29,SLUH,8,Hazelwood Central,0
2022-10-29,Francis Howell North,5,Pattonville,0
2022-10-29,Chaminade College Prep,9,Hazelwood West,0
2022-10-29,John Burroughs,4,Ritenour,0
2022-10-29,Liberty (Wentzville),1,Ft. Zumwalt West,0
2022-10-29,Francis Howell Central,1,Ft. Zumwalt North,2
2022-10-29,Francis Howell,1,Timberland,3
2022-10-29,St. Dominic,3,Troy Buchanan,1
2022-10-29,Rockhurst,8,Raytown,0
2022-10-29,Raymore-Peculiar,3,Carthage,2
2022-10-29,Lee's Summit,5,Lee's Summit North,1
2022-10-29,Lee's Summit West,4,Joplin,1
2022-10-29,Rock Bridge,8,St. Charles,0
2022-10-29,Hickman,2,Savannah,0
2022-10-29,Blue Springs,3,Fort Osage,2
2022-10-29,Liberty North,5,North Kansas City,0
2022-10-29,Liberty,0,Staley,1
2022-10-29,Park Hill,4,Central (St. Joseph),0
2022-10-29,Park Hill South,2,Oak Park,1
2022-10-31,Canton,5,Elsberry,3
2022-10-31,Fatima,8,Calvary Lutheran,0
2022-10-31,Cole Camp,4,Iberia,1
2022-10-31,Knob Noster,6,La Monte,0
2022-10-31,Cameron,8,Paseo Academy,0
2022-10-31,Fulton,2,Helias Catholic,3
2022-10-31,Southern Boone,4,Mexico,0
2022-10-31,Logan-Rogersville,4,Cassville,1
2022-10-31,Osage,7,Monett,2
2022-10-31,Boonville,1,St. Paul Lutheran (Concordia),0
2022-10-31,Sacred Heart,2,Clinton,0
2022-10-31,Excelsior Springs,5,Chillicothe,1
2022-10-31,Bishop LeBlond,0,St. Pius X (Kansas City),1
2022-10-31,Kickapoo,8,Lebanon,0
2022-10-31,Waynesville,3,Neosho,1
2022-10-31,Ozark,3,Republic,0
2022-10-31,Nixa,6,Central (Springfield),1
2022-11-01,Valley Park,8,Hancock,0
2022-11-01,Gateway Science Charter,8,St. Paul Lutheran (Farmington),0
2022-11-01,Crossroads College Preparatory,4,McKinley Classical Leadership,1
2022-11-01,Maplewood-Richmond Hts.,3,Cardinal Ritter,0
2022-11-01,Duchesne,5,Canton,0
2022-11-01,Winfield,5,STEAM Academy,0
2022-11-01,Father Tolton,2,Fatima,0
2022-11-01,St. Francis Borgia,2,Missouri Military Academy,1
2022-11-01,Smithton,6,Cole Camp,0
2022-11-01,Willard,1,Crocker,0
2022-11-01,Fair Grove,0,Dixon,4
2022-11-01,Summit Christian Academy,4,Knob Noster,0
2022-11-01,Lone Jack,6,Green Ridge,1
2022-11-01,Maryville,10,Cameron,0
2022-11-01,Cristo Rey,6,Lutheran (Kansas City),7
2022-11-01,Affton,2,Bayless,1
2022-11-01,Principia,3,Soldan International Studies,2
2022-11-01,Westminster Christian Academy,3,St. Charles West,0
2022-11-01,Orchard Farm,2,St. Charles,1
2022-11-01,Marshall,4,Boonville,0
2022-11-01,Odessa,3,Sacred Heart,2
2022-11-01,Oak Grove,4,Northeast (Kansas City),0
2022-11-01,Center,3,Pleasant Hill,0
2022-11-01,Notre Dame (Cape Girardeau),4,DeSoto,0
2022-11-01,Central (Cape Girardeau),4,Farmington,1
2022-11-01,Webster Groves,7,Lutheran South,0
2022-11-01,Rockwood Summit,4,Parkway West,2
2022-11-01,Whitfield,3,MICDS,1
2022-11-01,Ladue Horton Watkins,2,Clayton,0
2022-11-01,Ft. Zumwalt East,3,Holt,2
2022-11-01,Ft. Zumwalt South,1,Hannibal,0
2022-11-01,Glendale,2,Camdenton,0
2022-11-01,Springfield Catholic,4,Rolla,1
2022-11-01,Webb City,2,Grandview,0
2022-11-01,Willard,2,Belton,5
2022-11-01,St. Michael the Archangel,0,Van Horn,1
2022-11-01,Jefferson City,1,Raytown South,0
2022-11-01,East (Kansas City),7,Kearney,1
2022-11-01,Platte County,1,Pembroke Hill,2
2022-11-01,Lindbergh,2,Oakville,1
2022-11-01,Vianney,1,Jackson,0
2022-11-01,De Smet Jesuit,4,Eureka,1
2022-11-01,Christian Brothers College,3,Kirkwood,2
2022-11-01,SLUH,2,Francis Howell North,0
2022-11-01,Liberty (Wentzville),1,Ft. Zumwalt North,3
2022-11-01,St. Dominic,4,Timberland,2
2022-11-01,Rockhurst,4,Raymore-Peculiar,1
2022-11-01,Lee's Summit,2,Lee's Summit West,1
2022-11-01,Rock Bridge,2,Blue Springs South,1
2022-11-01,Hickman,0,Blue Springs,2
2022-11-01,Liberty North,2,Staley,0
2022-11-01,Park Hill,1,Park Hill South,2
2022-11-02,Brentwood,2,Crossroads College Preparatory,0
2022-11-02,Metro,2,Maplewood-Richmond Hts.,0
2022-11-02,Laquey,9,Dixon,1
2022-11-02,Southern Boone,2,Helias Catholic,6
2022-11-02,Logan-Rogersville,1,Osage,2
2022-11-02,Excelsior Springs,5,St. Pius X (Kansas City),1
2022-11-02,Chaminade College Prep,3,John Burroughs,1
2022-11-02,Kickapoo,6,Waynesville,2
2022-11-02,Ozark,2,Nixa,1
2022-11-03,Bishop DuBourg,3,Valley Park,0
2022-11-03,Webster Groves,2,Gateway Science Charter,1
2022-11-03,Duchesne,3,Winfield,1
2022-11-03,Father Tolton,1,St. Francis Borgia,2
2022-11-03,Smithton,2,Willard,0
2022-11-03,Summit Christian Academy,3,Lone Jack,1
2022-11-03,Maryville,2,Lutheran (Kansas City),1
2022-11-03,Westminster Christian Academy,1,Orchard Farm,2
2022-11-03,Marshall,2,Odessa,1
2022-11-03,Harrisonville,2,Oak Grove,0
2022-11-03,Barstow,1,Center,0
2022-11-03,Notre Dame (Cape Girardeau),6,Central (Cape Girardeau),0
2022-11-03,Webster Groves,1,Rockwood Summit,0
2022-11-03,Whitfield,2,Ladue Horton Watkins,1
2022-11-03,Ft. Zumwalt East,3,Ft. Zumwalt South,1
2022-11-03,Glendale,2,Springfield Catholic,0
2022-11-03,Webb City,5,Belton,3
2022-11-03,Jefferson City,1,Van Horn,0
2022-11-03,East (Kansas City),4,Pembroke Hill,1
2022-11-03,Lindbergh,2,Vianney,1
2022-11-03,De Smet Jesuit,0,Christian Brothers College,1
2022-11-03,St. Dominic,1,Ft. Zumwalt North,0
2022-11-03,Rockhurst,3,Lee's Summit,1
2022-11-03,Rock Bridge,2,Blue Springs,1
2022-11-03,Liberty North,3,Park Hill South,1
2022-11-04,Brentwood,1,Metro,0
2022-11-05,Bishop DuBourg,2,Webster Groves,1
2022-11-05,Laquey,0,New Covenant Academy,1
2022-11-05,Harrisonville,1,Barstow,3
2022-11-05,SLUH,2,Chaminade College Prep,3
2022-11-05,Kickapoo,2,Ozark,1
2022-11-12,Brentwood,0,Bishop DuBourg,3
2022-11-12,St. Francis Borgia,7,Duchesne,0
2022-11-12,New Covenant Academy,3,Smithton,0
2022-11-12,Maryville,2,Summit Christian Academy,3
2022-11-12,Helias Catholic,1,Orchard Farm,3
2022-11-12,Marshall,3,Osage,0
2022-11-12,Excelsior Springs,5,Barstow,0
2022-11-12,Webster Groves,4,Notre Dame (Cape Girardeau),0
2022-11-12,Ft. Zumwalt East,0,Whitfield,1
2022-11-12,Webb City,1,Glendale,2
2022-11-12,East (Kansas City),6,Jefferson City,0
2022-11-12,Christian Brothers College,1,Lindbergh,0
2022-11-12,St. Dominic,2,Chaminade College Prep,1
2022-11-12,Rockhurst,1,Kickapoo,0
2022-11-12,Liberty North,0,Rock Bridge,1
2022-11-18,St. Francis Borgia,2,Bishop DuBourg,1
2022-11-18,Summit Christian Academy,3,New Covenant Academy,1
2022-11-18,Excelsior Springs,1,Marshall,3
2022-11-18,Whitfield,0,Webster Groves,1
2022-11-18,East (Kansas City),2,Glendale,0
2022-11-18,St. Dominic,0,Christian Brothers College,1
2022-11-18,Rock Bridge,2,Rockhurst,3
2022-11-19,Summit Christian Academy,0,St. Francis Borgia,1
2022-11-19,New Covenant Academy,0,Bishop DuBourg,1
2022-11-19,Marshall,2,Orchard Farm,1
2022-11-19,East (Kansas City),2,Webster Groves,3
2022-11-19,Glendale,1,Whitfield,2
2022-11-19,Rockhurst,1,Christian Brothers College,0
2022-11-19,Rock Bridge,2,St. Dominic,0
